Time,AQMesh-CO,AQMesh-CO2,CO Working Voltage,CO Auxiliary Voltage,CO2 IRC Voltage,Temperature,Relative Humidity,Absolute Humidity
1/20/22 4:00 PM,0.36,489,0.095,-0.025,1.875,30,76,23.5
1/20/22 4:15 PM,0.34,511,0.09,-0.022,1.876,30,74,22.8
1/20/22 4:30 PM,0.36,484,0.075,-0.02,1.886,29.7,75,22.6
1/20/22 4:45 PM,0.38,503,0.07,-0.024,1.846,29.6,76,22.7
1/20/22 5:00 PM,0.4,493,0.076,-0.029,1.845,29.2,78,22.9
1/20/22 5:15 PM,0.4,525,0.106,-0.026,1.831,27.8,79,21.4
1/20/22 5:30 PM,0.42,547,0.091,-0.032,1.657,26.4,83,20.8
1/20/22 5:45 PM,0.46,579,0.1,-0.045,1.592,25.7,86,20.7
1/20/22 6:00 PM,0.45,597,0.116,-0.041,1.616,25.3,88,20.7
1/20/22 6:15 PM,0.45,616,0.133,-0.036,1.607,25,89,20.5
1/20/22 6:30 PM,0.46,638,0.123,-0.031,1.6,24.8,90,20.5
1/20/22 6:45 PM,0.44,630,0.13,-0.029,1.602,24.8,91,20.7
1/20/22 7:00 PM,0.44,593,0.13,-0.028,1.614,24.8,91,20.8
1/20/22 7:15 PM,0.45,580,0.117,-0.025,1.612,25,91,21
1/20/22 7:30 PM,0.46,588,0.115,-0.024,1.601,25,92,21.1
1/20/22 7:45 PM,0.44,569,0.123,-0.024,1.642,25.2,91,21.2
1/20/22 8:00 PM,0.4,563,0.123,-0.022,1.627,25.3,91,21.2
1/20/22 8:15 PM,0.4,546,0.104,-0.02,1.622,25.5,90,21.4
1/20/22 8:30 PM,0.41,567,0.096,-0.021,1.644,25.6,90,21.5
1/20/22 8:45 PM,0.42,552,0.097,-0.019,1.648,25.6,90,21.5
1/20/22 9:00 PM,0.42,543,0.102,-0.018,1.643,25.6,90,21.5
1/20/22 9:15 PM,0.4,548,0.108,-0.018,1.66,25.7,90,21.5
1/20/22 9:30 PM,0.39,559,0.102,-0.019,1.656,25.7,89,21.4
1/20/22 9:45 PM,0.39,540,0.093,-0.016,1.649,25.7,89,21.4
1/20/22 10:00 PM,0.39,549,0.086,-0.017,1.657,25.6,89,21.3
1/20/22 10:15 PM,0.39,543,0.086,-0.017,1.65,25.6,90,21.4
1/20/22 10:30 PM,0.38,542,0.089,-0.018,1.663,25.6,90,21.4
1/20/22 10:45 PM,0.38,563,0.086,-0.018,1.661,25.6,90,21.4
1/20/22 11:00 PM,0.37,573,0.083,-0.018,1.659,25.6,90,21.4
1/20/22 11:15 PM,0.37,565,0.077,-0.018,1.656,25.7,90,21.5
1/20/22 11:30 PM,0.37,557,0.077,-0.018,1.658,25.6,90,21.4
1/20/22 11:45 PM,0.37,571,0.074,-0.019,1.659,25.6,90,21.4
1/21/22 12:00 AM,0.37,568,0.075,-0.019,1.664,25.5,90,21.3
1/21/22 12:15 AM,0.37,547,0.073,-0.018,1.654,25.5,90,21.3
1/21/22 12:30 AM,0.38,551,0.072,-0.018,1.653,25.4,90,21.3
1/21/22 12:45 AM,0.39,562,0.073,-0.019,1.651,25.4,90,21.3
1/21/22 1:00 AM,0.4,546,0.077,-0.019,1.651,25.3,90,21.2
1/21/22 1:15 AM,0.39,572,0.083,-0.018,1.65,25.3,90,21.2
1/21/22 1:30 AM,0.37,572,0.083,-0.019,1.653,25.3,91,21.2
1/21/22 1:45 AM,0.36,573,0.076,-0.019,1.654,25.2,91,21.1
1/21/22 2:00 AM,0.35,564,0.068,-0.019,1.65,25.1,91,21.1
1/21/22 2:15 AM,0.35,562,0.064,-0.019,1.647,25.2,91,21.1
1/21/22 2:30 AM,0.35,560,0.063,-0.02,1.648,25.1,91,21
1/21/22 2:45 AM,0.35,573,0.064,-0.02,1.653,25,91,21
1/21/22 3:00 AM,0.35,565,0.062,-0.019,1.655,25,91,21
1/21/22 3:15 AM,0.35,576,0.06,-0.018,1.655,25,91,21
1/21/22 3:30 AM,0.34,571,0.06,-0.019,1.652,25,91,20.9
1/21/22 3:45 AM,0.35,582,0.059,-0.019,1.65,24.8,91,20.8
1/21/22 4:00 AM,0.34,603,0.061,-0.019,1.654,24.7,92,20.7
1/21/22 4:15 AM,0.34,570,0.06,-0.019,1.652,24.7,91,20.6
1/21/22 4:30 AM,0.34,566,0.059,-0.019,1.648,24.7,91,20.6
1/21/22 4:45 AM,0.34,559,0.059,-0.018,1.652,24.7,91,20.6
1/21/22 5:00 AM,0.34,565,0.059,-0.018,1.647,24.7,91,20.6
1/21/22 5:15 AM,0.34,576,0.057,-0.018,1.643,24.7,91,20.6
1/21/22 5:30 AM,0.35,581,0.06,-0.019,1.647,24.7,91,20.5
1/21/22 5:45 AM,0.35,577,0.062,-0.019,1.65,24.6,91,20.5
1/21/22 6:00 AM,0.36,577,0.063,-0.019,1.646,24.5,91,20.4
1/21/22 6:15 AM,0.36,577,0.067,-0.02,1.646,24.5,91,20.4
1/21/22 6:30 AM,0.37,578,0.068,-0.019,1.646,24.5,92,20.5
1/21/22 6:45 AM,0.37,581,0.071,-0.019,1.645,24.4,92,20.4
1/21/22 7:00 AM,0.39,584,0.072,-0.019,1.665,24.4,92,20.4
1/21/22 7:15 AM,0.4,600,0.077,-0.019,1.652,24.5,92,20.6
1/21/22 7:30 AM,0.41,579,0.084,-0.019,1.658,24.6,92,20.7
1/21/22 7:45 AM,0.4,574,0.092,-0.019,1.668,24.9,92,21
1/21/22 8:00 AM,0.4,544,0.093,-0.019,1.688,25.1,91,21.2
1/21/22 8:15 AM,0.38,560,0.094,-0.016,1.704,25.5,90,21.4
1/21/22 8:30 AM,0.37,533,0.091,-0.015,1.729,25.8,90,21.6
1/21/22 8:45 AM,0.37,566,0.079,-0.014,1.734,26.2,89,21.9
1/21/22 9:00 AM,0.36,527,0.076,-0.015,1.749,26.5,88,22.1
1/21/22 9:15 AM,0.35,510,0.071,-0.014,1.764,27.1,86,22.5
1/21/22 9:30 AM,0.33,501,0.074,-0.016,1.804,27.5,85,22.6
1/21/22 9:45 AM,0.33,509,0.063,-0.012,1.865,27.9,84,22.8
1/21/22 10:00 AM,0.32,506,0.055,-0.013,1.894,28.2,82,22.9
1/21/22 10:15 AM,0.32,514,0.057,-0.016,1.91,28.4,82,22.9
1/21/22 10:30 AM,0.33,511,0.051,-0.014,1.892,28.5,82,23.2
1/21/22 10:45 AM,0.32,520,0.053,-0.018,1.887,29,82,23.8
1/21/22 11:00 AM,0.31,513,0.063,-0.023,1.917,29.6,79,23.9
1/21/22 11:15 AM,0.3,489,0.06,-0.015,1.969,30.2,78,24.2
1/21/22 11:30 AM,0.3,507,0.053,-0.012,1.961,30.6,77,24.4
1/21/22 11:45 AM,0.3,470,0.052,-0.014,2.007,31,75,24.6
1/21/22 12:00 PM,0.3,536,0.054,-0.013,2.022,31.3,75,24.9
1/21/22 12:15 PM,0.3,510,0.052,-0.016,2.032,31.8,74,25.2
1/21/22 12:30 PM,0.3,524,0.056,-0.012,2.078,31.9,73,25.1
1/21/22 12:45 PM,0.31,512,0.059,-0.012,2.086,31.9,73,25.2
1/21/22 1:00 PM,0.3,487,0.061,-0.02,2.101,32.3,73,25.7
1/21/22 1:15 PM,0.31,501,0.066,-0.019,2.141,32.5,71,25.3
1/21/22 1:30 PM,0.31,493,0.064,-0.009,2.143,32.5,71,25.3
1/21/22 1:45 PM,0.31,491,0.061,-0.017,2.124,32.4,70,24.9
1/21/22 2:00 PM,0.31,497,0.056,-0.014,2.122,32.5,71,25.1
1/21/22 2:15 PM,0.31,487,0.064,-0.023,2.11,32.6,69,24.8
1/21/22 2:30 PM,0.32,499,0.059,-0.012,2.132,32.4,71,25
1/21/22 2:45 PM,0.32,499,0.062,-0.021,2.102,32.5,70,24.7
1/21/22 3:00 PM,0.33,504,0.066,-0.019,2.119,32.4,70,24.7
1/21/22 3:15 PM,0.32,494,0.066,-0.021,2.101,32.5,69,24.4
1/21/22 3:30 PM,0.34,501,0.066,-0.017,2.13,32,69,23.9
1/21/22 3:45 PM,0.35,504,0.06,-0.016,2.073,31.4,71,23.6
1/21/22 4:00 PM,0.35,491,0.065,-0.026,2.022,31,71,23.3
1/21/22 4:15 PM,0.36,508,0.068,-0.028,1.995,30.6,72,23
1/21/22 4:30 PM,0.36,496,0.07,-0.029,1.964,30.4,73,23
1/21/22 4:45 PM,0.35,478,0.073,-0.029,1.949,30.3,73,22.9
1/21/22 5:00 PM,0.36,488,0.075,-0.026,1.927,30.2,73,22.7
1/21/22 5:15 PM,0.36,500,0.078,-0.023,1.948,30.1,73,22.7
1/21/22 5:30 PM,0.37,494,0.077,-0.023,1.926,30,74,22.7
1/21/22 5:45 PM,0.37,529,0.08,-0.023,1.925,29.8,75,22.8
1/21/22 6:00 PM,0.38,504,0.083,-0.021,1.917,29.6,75,22.6
1/21/22 6:15 PM,0.37,495,0.091,-0.022,1.912,29.4,75,22.5
1/21/22 6:30 PM,0.38,492,0.085,-0.02,1.916,29.1,76,22.4
1/21/22 6:45 PM,0.38,520,0.085,-0.022,1.903,28.9,77,22.2
1/21/22 7:00 PM,0.38,510,0.085,-0.021,1.888,28.6,77,22
1/21/22 7:15 PM,0.38,522,0.083,-0.02,1.871,28.4,78,21.9
1/21/22 7:30 PM,0.38,500,0.087,-0.019,1.863,28.1,78,21.6
1/21/22 7:45 PM,0.37,506,0.084,-0.019,1.86,27.9,79,21.4
1/21/22 8:00 PM,0.38,511,0.078,-0.02,1.845,27.7,80,21.5
1/21/22 8:15 PM,0.38,507,0.083,-0.019,1.842,27.5,81,21.5
1/21/22 8:30 PM,0.38,503,0.085,-0.019,1.85,27.3,82,21.5
1/21/22 8:45 PM,0.39,530,0.082,-0.019,1.837,27,83,21.5
1/21/22 9:00 PM,0.38,533,0.083,-0.02,1.816,26.9,84,21.5
1/21/22 9:15 PM,0.38,536,0.087,-0.019,1.807,26.8,84,21.5
1/21/22 9:30 PM,0.38,519,0.086,-0.018,1.82,26.6,84,21.4
1/21/22 9:45 PM,0.39,533,0.086,-0.018,1.833,26.5,85,21.3
1/21/22 10:00 PM,0.4,546,0.09,-0.017,1.824,26.5,85,21.4
1/21/22 10:15 PM,0.41,570,0.093,-0.016,1.826,26.4,86,21.4
1/21/22 10:30 PM,0.4,535,0.094,-0.014,1.816,26.3,86,21.5
1/21/22 10:45 PM,0.4,574,0.095,-0.015,1.828,26.2,87,21.4
1/21/22 11:00 PM,0.39,559,0.091,-0.016,1.826,26.2,87,21.5
1/21/22 11:15 PM,0.39,548,0.091,-0.014,1.819,26.1,87,21.5
1/21/22 11:30 PM,0.39,564,0.09,-0.015,1.816,26,88,21.4
1/21/22 11:45 PM,0.38,563,0.09,-0.015,1.808,25.9,88,21.4
1/22/22 12:00 AM,0.37,558,0.086,-0.015,1.804,25.8,88,21.3
1/22/22 12:15 AM,0.36,544,0.082,-0.015,1.809,25.8,88,21.4
1/22/22 12:30 AM,0.36,565,0.077,-0.014,1.804,25.7,89,21.3
1/22/22 12:45 AM,0.35,544,0.075,-0.014,1.798,25.6,89,21.3
1/22/22 1:00 AM,0.35,553,0.074,-0.014,1.805,25.6,89,21.2
1/22/22 1:15 AM,0.35,558,0.072,-0.014,1.804,25.5,89,21.2
1/22/22 1:30 AM,0.35,559,0.073,-0.014,1.805,25.5,89,21.2
1/22/22 1:45 AM,0.35,568,0.071,-0.012,1.801,25.4,90,21.1
1/22/22 2:00 AM,0.35,570,0.072,-0.014,1.799,25.4,90,21.1
1/22/22 2:15 AM,0.35,570,0.07,-0.013,1.799,25.4,90,21.2
1/22/22 2:30 AM,0.35,570,0.07,-0.014,1.797,25.4,90,21.2
1/22/22 2:45 AM,0.35,565,0.072,-0.013,1.797,25.4,90,21.2
1/22/22 3:00 AM,0.34,568,0.072,-0.013,1.801,25.3,90,21.1
1/22/22 3:15 AM,0.34,580,0.071,-0.012,1.805,25.3,90,21.1
1/22/22 3:30 AM,0.34,571,0.068,-0.012,1.805,25.3,90,21.1
1/22/22 3:45 AM,0.34,593,0.066,-0.012,1.804,25.2,90,21
1/22/22 4:00 AM,0.33,579,0.067,-0.012,1.802,25.2,90,21.1
1/22/22 4:15 AM,0.33,608,0.065,-0.013,1.798,25.2,91,21.1
1/22/22 4:30 AM,0.33,580,0.065,-0.013,1.801,25.1,91,21
1/22/22 4:45 AM,0.33,576,0.064,-0.012,1.797,25.1,91,21
1/22/22 5:00 AM,0.33,569,0.064,-0.012,1.795,25.1,91,21
1/22/22 5:15 AM,0.33,587,0.064,-0.013,1.79,25.1,91,21
1/22/22 5:30 AM,0.34,593,0.064,-0.013,1.793,25.1,91,21
1/22/22 5:45 AM,0.35,600,0.065,-0.012,1.791,25,91,21
1/22/22 6:00 AM,0.35,592,0.068,-0.012,1.792,25,91,21
1/22/22 6:15 AM,0.35,570,0.069,-0.013,1.788,25,91,21
1/22/22 6:30 AM,0.35,584,0.069,-0.012,1.79,25,91,21
1/22/22 6:45 AM,0.35,587,0.071,-0.011,1.794,25,91,21
1/22/22 7:00 AM,0.35,573,0.072,-0.012,1.792,25,91,21
1/22/22 7:15 AM,0.35,582,0.072,-0.012,1.797,25.1,91,21.1
1/22/22 7:30 AM,0.35,578,0.073,-0.012,1.789,25.1,91,21.2
1/22/22 7:45 AM,0.36,570,0.073,-0.011,1.806,25.2,91,21.3
1/22/22 8:00 AM,0.37,575,0.078,-0.01,1.819,25.4,91,21.4
1/22/22 8:15 AM,0.37,566,0.081,-0.009,1.824,25.6,91,21.6
1/22/22 8:30 AM,0.36,570,0.084,-0.01,1.832,25.9,91,22
1/22/22 8:45 AM,0.36,541,0.084,-0.009,1.851,26.3,90,22.3
1/22/22 9:00 AM,0.35,528,0.086,-0.009,1.879,26.8,88,22.6
1/22/22 9:15 AM,0.35,529,0.08,-0.004,1.895,27.2,87,22.7
1/22/22 9:30 AM,0.34,533,0.071,0,1.884,27.5,86,22.8
1/22/22 9:45 AM,0.32,519,0.07,-0.004,1.9,27.9,84,23
1/22/22 10:00 AM,0.31,519,0.062,-0.007,1.91,28.4,83,23.4
1/22/22 10:15 AM,0.31,521,0.064,-0.008,1.929,28.9,81,23.5
1/22/22 10:30 AM,0.31,549,0.06,0,1.951,29,81,23.6
1/22/22 10:45 AM,0.32,529,0.057,-0.004,1.948,29.1,81,23.7
1/22/22 11:00 AM,0.31,514,0.06,-0.006,1.952,29.2,80,23.6
1/22/22 11:15 AM,0.32,507,0.058,-0.007,1.953,29.5,80,23.8
1/22/22 11:30 AM,0.31,491,0.06,-0.011,1.942,29.8,79,23.9
1/22/22 11:45 AM,0.31,507,0.063,-0.013,1.951,30,77,23.8
1/22/22 12:00 PM,0.3,532,0.055,-0.008,1.943,30.3,77,24
1/22/22 12:15 PM,0.3,505,0.058,-0.01,1.972,30.9,75,24.4
1/22/22 12:30 PM,0.3,508,0.056,-0.01,1.999,31.2,74,24.5
1/22/22 12:45 PM,0.3,499,0.053,-0.003,2.015,31.4,74,24.6
1/22/22 1:00 PM,0.3,520,0.056,-0.008,2.017,31.7,73,24.8
1/22/22 1:15 PM,0.3,509,0.056,-0.008,2.023,32,72,24.9
1/22/22 1:30 PM,0.29,514,0.056,-0.007,2.049,32.6,73,26.1
1/22/22 1:45 PM,0.28,480,0.06,-0.009,2.094,33.2,70,26
1/22/22 2:00 PM,0.29,476,0.062,0.009,2.192,33.5,69,25.8
1/22/22 2:15 PM,0.3,518,0.056,0.006,2.19,33.6,69,26
1/22/22 2:30 PM,0.28,495,0.054,-0.001,2.174,34.1,68,26.3
1/22/22 2:45 PM,0.31,487,0.057,-0.002,2.217,33.9,66,25.4
1/22/22 3:00 PM,0.32,493,0.058,0.008,2.224,33.6,68,25.9
1/22/22 3:15 PM,0.32,507,0.063,-0.013,2.208,33.8,68,26.2
1/22/22 3:30 PM,0.34,521,0.079,-0.009,2.208,33.4,68,25.4
1/22/22 3:45 PM,0.35,489,0.082,-0.014,2.108,32.6,69,24.8
1/22/22 4:00 PM,0.35,520,0.089,-0.023,2.032,32,70,24.3
1/22/22 4:15 PM,0.35,504,0.092,-0.026,2.006,31.7,72,24.4
1/22/22 4:30 PM,0.36,499,0.097,-0.028,1.973,31.7,72,24.6
1/22/22 4:45 PM,0.36,491,0.1,-0.024,1.985,31.6,73,24.6
1/22/22 5:00 PM,0.38,512,0.107,-0.017,1.984,31.3,74,24.5
1/22/22 5:15 PM,0.38,511,0.106,-0.018,1.959,30.8,75,24.3
1/22/22 5:30 PM,0.37,514,0.113,-0.02,1.92,30.1,76,23.7
1/22/22 5:45 PM,0.38,507,0.108,-0.023,1.944,29.5,78,23.3
1/22/22 6:00 PM,0.38,521,0.111,-0.021,1.968,29.2,79,23.3
1/22/22 6:15 PM,0.39,516,0.113,-0.022,1.975,29.1,80,23.4
1/22/22 6:30 PM,0.39,521,0.115,-0.016,1.99,28.9,80,23.2
1/22/22 6:45 PM,0.42,555,0.117,-0.015,1.966,28.8,81,23.3
1/22/22 7:00 PM,0.38,531,0.125,-0.013,1.98,28.4,81,22.9
1/22/22 7:15 PM,0.38,526,0.108,-0.012,1.928,27.9,82,22.3
1/22/22 7:30 PM,0.41,539,0.095,-0.018,1.875,27.5,83,22.2
1/22/22 7:45 PM,0.42,531,0.105,-0.016,1.884,27.4,84,22.1
1/22/22 8:00 PM,0.42,527,0.11,-0.015,1.868,27.3,84,22.1
1/22/22 8:15 PM,0.43,544,0.112,-0.013,1.874,27.2,84,22
1/22/22 8:30 PM,0.43,532,0.115,-0.012,1.873,27.1,84,21.9
1/22/22 8:45 PM,0.44,527,0.119,-0.012,1.881,26.9,85,21.8
1/22/22 9:00 PM,0.45,532,0.122,-0.011,1.859,26.8,85,21.8
1/22/22 9:15 PM,0.45,571,0.125,-0.01,1.882,26.8,85,21.7
1/22/22 9:30 PM,0.46,557,0.127,-0.01,1.891,26.7,85,21.7
1/22/22 9:45 PM,0.45,573,0.127,-0.009,1.887,26.6,85,21.6
1/22/22 10:00 PM,0.44,551,0.125,-0.01,1.887,26.5,86,21.5
1/22/22 10:15 PM,0.45,544,0.118,-0.009,1.893,26.5,86,21.6
1/22/22 10:30 PM,0.44,537,0.12,-0.007,1.898,26.5,86,21.6
1/22/22 10:45 PM,0.41,538,0.117,-0.009,1.877,26.4,87,21.6
1/22/22 11:00 PM,0.39,537,0.107,-0.009,1.87,26.4,87,21.6
1/22/22 11:15 PM,0.37,536,0.098,-0.01,1.87,26.4,87,21.6
1/22/22 11:30 PM,0.37,553,0.09,-0.009,1.864,26.3,87,21.6
1/22/22 11:45 PM,0.36,574,0.085,-0.01,1.86,26.2,87,21.5
1/23/22 12:00 AM,0.36,543,0.085,-0.01,1.86,26.1,87,21.4
1/23/22 12:15 AM,0.36,553,0.083,-0.01,1.862,26,87,21.4
1/23/22 12:30 AM,0.36,564,0.081,-0.009,1.858,25.9,88,21.3
1/23/22 12:45 AM,0.36,546,0.081,-0.01,1.859,25.8,88,21.2
1/23/22 1:00 AM,0.36,549,0.083,-0.01,1.86,25.7,88,21.2
1/23/22 1:15 AM,0.36,581,0.082,-0.009,1.859,25.7,88,21.2
1/23/22 1:30 AM,0.36,578,0.081,-0.008,1.858,25.6,89,21.1
1/23/22 1:45 AM,0.36,559,0.081,-0.008,1.859,25.5,89,21.1
1/23/22 2:00 AM,0.36,584,0.085,-0.008,1.858,25.5,89,21.1
1/23/22 2:15 AM,0.36,576,0.086,-0.008,1.851,25.5,89,21.1
1/23/22 2:30 AM,0.36,563,0.085,-0.008,1.855,25.4,90,21.1
1/23/22 2:45 AM,0.36,569,0.081,-0.01,1.852,25.3,90,21.1
1/23/22 3:00 AM,0.39,575,0.08,-0.009,1.849,25.3,90,21
1/23/22 3:15 AM,0.4,600,0.09,-0.008,1.849,25.3,90,21
1/23/22 3:30 AM,0.36,585,0.099,-0.006,1.847,25.2,90,21
1/23/22 3:45 AM,0.35,591,0.084,-0.008,1.849,25.1,90,21
1/23/22 4:00 AM,0.36,591,0.076,-0.008,1.847,25.1,91,21
1/23/22 4:15 AM,0.36,606,0.078,-0.008,1.848,25,91,20.9
1/23/22 4:30 AM,0.38,614,0.079,-0.009,1.844,25,91,21
1/23/22 4:45 AM,0.42,604,0.083,-0.009,1.842,25,91,21
1/23/22 5:00 AM,0.44,617,0.097,-0.007,1.842,25,92,21.1
1/23/22 5:15 AM,0.45,594,0.106,-0.006,1.843,25,92,21.1
1/23/22 5:30 AM,0.44,609,0.111,-0.006,1.846,25,91,21
1/23/22 5:45 AM,0.45,599,0.11,-0.007,1.847,25,92,21.1
1/23/22 6:00 AM,0.45,594,0.109,-0.006,1.854,25,92,21.1
1/23/22 6:15 AM,0.44,589,0.112,-0.007,1.853,25,92,21.1
1/23/22 6:30 AM,0.45,600,0.11,-0.006,1.85,25,92,21.1
1/23/22 6:45 AM,0.46,585,0.11,-0.006,1.856,25,92,21.1
1/23/22 7:00 AM,0.46,594,0.112,-0.006,1.86,25.1,92,21.2
1/23/22 7:15 AM,0.47,590,0.116,-0.006,1.865,25.2,92,21.3
1/23/22 7:30 AM,0.46,583,0.124,-0.007,1.868,25.3,91,21.4
1/23/22 7:45 AM,0.47,595,0.121,-0.007,1.884,25.4,91,21.6
1/23/22 8:00 AM,0.47,582,0.123,-0.007,1.896,25.6,91,21.7
1/23/22 8:15 AM,0.41,591,0.128,-0.005,1.913,25.9,90,21.9
1/23/22 8:30 AM,0.41,575,0.1,-0.004,1.924,26.1,90,22.2
1/23/22 8:45 AM,0.39,537,0.096,-0.005,1.935,26.4,89,22.4
1/23/22 9:00 AM,0.39,535,0.095,-0.004,1.93,26.8,88,22.6
1/23/22 9:15 AM,0.39,524,0.092,-0.003,1.966,27.5,87,23.2
1/23/22 9:30 AM,0.39,542,0.092,-0.001,1.984,28.2,86,23.8
1/23/22 9:45 AM,0.36,525,0.099,-0.002,2.039,29,83,24
1/23/22 10:00 AM,0.35,514,0.093,0.004,2.069,29.3,81,24
1/23/22 10:15 AM,0.34,507,0.067,0,2.074,29.9,80,24.6
1/23/22 10:30 AM,0.32,506,0.07,-0.003,2.106,30.4,78,24.6
1/23/22 10:45 AM,0.31,502,0.058,0,2.119,30.9,76,24.8
1/23/22 11:00 AM,0.3,495,0.053,-0.002,2.12,31.2,74,24.6
1/23/22 11:15 AM,0.29,527,0.044,-0.007,2.132,31.7,73,24.8
1/23/22 11:30 AM,0.29,515,0.04,-0.007,2.129,32,73,25.2
1/23/22 11:45 AM,0.29,513,0.041,-0.011,2.135,32.6,71,25.5
1/23/22 12:00 PM,0.28,492,0.044,-0.01,2.162,33.2,70,25.7
1/23/22 12:15 PM,0.28,501,0.035,-0.007,2.184,33.9,68,26.3
1/23/22 12:30 PM,0.29,506,0.039,-0.005,2.238,34.1,67,26
1/23/22 12:45 PM,0.3,510,0.039,-0.003,2.253,33.9,67,25.7
1/23/22 1:00 PM,0.31,502,0.042,-0.013,2.264,33.8,67,25.8
1/23/22 1:15 PM,0.32,497,0.051,-0.02,2.261,34,67,26
1/23/22 1:30 PM,0.31,511,0.057,-0.02,2.267,34.4,68,26.7
1/23/22 1:45 PM,0.3,504,0.066,-0.022,2.283,34.9,66,26.9
1/23/22 2:00 PM,0.32,500,0.06,-0.012,2.309,34.9,66,27.1
1/23/22 2:15 PM,0.32,518,0.065,-0.011,2.26,35.2,68,28
1/23/22 2:30 PM,0.32,516,0.073,-0.029,2.204,35.6,67,28.4
1/23/22 2:45 PM,0.34,501,0.08,-0.019,2.233,35.4,68,28.3
1/23/22 3:00 PM,0.34,514,0.085,-0.026,2.199,35.2,68,28.1
1/23/22 3:15 PM,0.34,496,0.089,-0.027,2.18,35.1,68,28
1/23/22 3:30 PM,0.33,524,0.091,-0.027,2.176,34.9,67,27.4
1/23/22 3:45 PM,0.35,527,0.088,-0.026,2.159,34.1,68,26.4
1/23/22 4:00 PM,0.36,507,0.09,-0.028,2.094,33.4,69,26
1/23/22 4:15 PM,0.35,500,0.092,-0.036,2.046,33.2,70,26.1
1/23/22 4:30 PM,0.35,509,0.095,-0.033,2.08,33.2,71,26
1/23/22 4:45 PM,0.34,508,0.095,-0.028,2.092,33,70,25.7
1/23/22 5:00 PM,0.35,494,0.09,-0.025,2.068,32.6,71,25.3
1/23/22 5:15 PM,0.36,497,0.092,-0.027,2.053,32.1,72,24.9
1/23/22 5:30 PM,0.36,507,0.091,-0.028,2.031,31.6,72,24.3
1/23/22 5:45 PM,0.36,508,0.093,-0.03,2.004,31.3,72,23.7
1/23/22 6:00 PM,0.36,488,0.091,-0.026,1.986,30.9,72,23.3
1/23/22 6:15 PM,0.37,496,0.086,-0.024,1.961,30.5,72,22.9
1/23/22 6:30 PM,0.37,510,0.086,-0.025,1.917,30,73,22.5
1/23/22 6:45 PM,0.36,493,0.087,-0.027,1.899,29.7,73,22.2
1/23/22 7:00 PM,0.37,496,0.086,-0.026,1.887,29.3,74,21.8
1/23/22 7:15 PM,0.39,514,0.087,-0.024,1.884,29.1,74,21.6
1/23/22 7:30 PM,0.4,523,0.092,-0.024,1.863,28.8,75,21.4
1/23/22 7:45 PM,0.39,514,0.094,-0.022,1.863,28.5,75,21.2
1/23/22 8:00 PM,0.38,535,0.094,-0.022,1.857,28.3,75,20.9
1/23/22 8:15 PM,0.37,521,0.091,-0.021,1.847,28.2,75,20.9
1/23/22 8:30 PM,0.37,510,0.088,-0.02,1.852,28,76,20.9
1/23/22 8:45 PM,0.37,512,0.087,-0.018,1.855,27.8,77,20.9
1/23/22 9:00 PM,0.37,525,0.086,-0.02,1.847,27.7,78,20.9
1/23/22 9:15 PM,0.38,545,0.091,-0.02,1.855,27.6,78,20.9
1/23/22 9:30 PM,0.37,530,0.095,-0.019,1.852,27.4,78,20.8
1/23/22 9:45 PM,0.37,527,0.095,-0.016,1.854,27.3,79,20.8
1/23/22 10:00 PM,0.38,536,0.092,-0.016,1.852,27.3,80,20.9
1/23/22 10:15 PM,0.38,561,0.092,-0.016,1.845,27.2,80,20.9
1/23/22 10:30 PM,0.37,538,0.093,-0.016,1.843,27,80,20.9
1/23/22 10:45 PM,0.39,522,0.091,-0.017,1.834,26.9,81,20.9
1/23/22 11:00 PM,0.38,555,0.091,-0.017,1.829,26.8,81,20.9
1/23/22 11:15 PM,0.38,554,0.092,-0.016,1.836,26.8,82,21
1/23/22 11:30 PM,0.37,564,0.095,-0.016,1.837,26.7,82,21
1/23/22 11:45 PM,0.38,545,0.094,-0.015,1.84,26.6,83,21
1/24/22 12:00 AM,0.38,558,0.094,-0.014,1.843,26.5,83,21
1/24/22 12:15 AM,0.38,535,0.095,-0.015,1.843,26.5,84,21.1
1/24/22 12:30 AM,0.38,558,0.094,-0.015,1.835,26.4,85,21.1
1/24/22 12:45 AM,0.38,548,0.092,-0.015,1.831,26.3,85,21.2
1/24/22 1:00 AM,0.4,554,0.09,-0.014,1.825,26.2,86,21.2
1/24/22 1:15 AM,0.41,558,0.094,-0.016,1.818,26.1,87,21.3
1/24/22 1:30 AM,0.42,565,0.1,-0.015,1.817,26,87,21.3
1/24/22 1:45 AM,0.44,561,0.108,-0.016,1.818,25.9,88,21.3
1/24/22 2:00 AM,0.43,573,0.114,-0.014,1.817,25.9,88,21.3
1/24/22 2:15 AM,0.42,591,0.113,-0.013,1.811,25.8,88,21.3
1/24/22 2:30 AM,0.39,576,0.106,-0.014,1.807,25.7,89,21.3
1/24/22 2:45 AM,0.38,582,0.1,-0.014,1.81,25.6,89,21.3
1/24/22 3:00 AM,0.37,583,0.087,-0.016,1.798,25.5,89,21.2
1/24/22 3:15 AM,0.37,595,0.085,-0.015,1.797,25.5,90,21.2
1/24/22 3:30 AM,0.36,592,0.084,-0.014,1.802,25.4,90,21.2
1/24/22 3:45 AM,0.35,598,0.079,-0.014,1.8,25.3,90,21.2
1/24/22 4:00 AM,0.34,599,0.077,-0.012,1.797,25.2,90,21.1
1/24/22 4:15 AM,0.34,602,0.072,-0.013,1.793,25.2,91,21.1
1/24/22 4:30 AM,0.33,586,0.071,-0.012,1.788,25.2,91,21.1
1/24/22 4:45 AM,0.32,583,0.07,-0.012,1.795,25.2,90,21.1
1/24/22 5:00 AM,0.32,586,0.067,-0.011,1.795,25.2,90,21.1
1/24/22 5:15 AM,0.33,582,0.065,-0.011,1.794,25.3,90,21.1
1/24/22 5:30 AM,0.33,594,0.067,-0.01,1.804,25.2,91,21.1
1/24/22 5:45 AM,0.33,574,0.064,-0.01,1.797,25.2,91,21.1
1/24/22 6:00 AM,0.33,605,0.064,-0.011,1.796,25.1,91,21
1/24/22 6:15 AM,0.33,581,0.066,-0.012,1.791,25.2,91,21.1
1/24/22 6:30 AM,0.34,602,0.066,-0.012,1.79,25.2,91,21.1
1/24/22 6:45 AM,0.35,608,0.07,-0.012,1.797,25.1,91,21.1
1/24/22 7:00 AM,0.37,595,0.071,-0.011,1.804,25.1,91,21.1
1/24/22 7:15 AM,0.38,567,0.081,-0.01,1.802,25.2,91,21.2
1/24/22 7:30 AM,0.37,578,0.092,-0.01,1.818,25.3,90,21.2
1/24/22 7:45 AM,0.36,592,0.091,-0.009,1.821,25.5,90,21.3
1/24/22 8:00 AM,0.38,565,0.086,-0.01,1.84,25.8,90,21.7
1/24/22 8:15 AM,0.37,548,0.092,-0.007,1.858,26.3,89,22.1
1/24/22 8:30 AM,0.36,547,0.094,-0.006,1.875,26.6,88,22.2
1/24/22 8:45 AM,0.37,559,0.084,-0.003,1.899,26.8,87,22.3
1/24/22 9:00 AM,0.38,560,0.083,-0.004,1.918,27.1,87,22.6
1/24/22 9:15 AM,0.35,550,0.09,-0.003,1.932,27.7,85,23.1
1/24/22 9:30 AM,0.36,573,0.09,-0.007,1.951,28.3,84,23.4
1/24/22 9:45 AM,0.35,511,0.084,0.001,1.972,28.7,81,23.1
1/24/22 10:00 AM,0.35,495,0.08,0.001,1.986,29.2,79,23.3
1/24/22 10:15 AM,0.35,534,0.076,0,1.994,29.7,77,23.4
1/24/22 10:30 AM,0.36,492,0.074,0.001,1.991,30.1,76,23.7
1/24/22 10:45 AM,0.33,531,0.08,-0.003,2.025,30.7,75,24
1/24/22 11:00 AM,0.34,508,0.07,0.001,2.054,31,74,24.1
1/24/22 11:15 AM,0.35,524,0.07,0,2.043,31,74,24.1
1/24/22 11:30 AM,0.35,496,0.072,-0.005,2.037,31,74,24.2
1/24/22 11:45 AM,0.36,509,0.075,-0.011,2.045,31.1,73,24.1
1/24/22 12:00 PM,0.36,504,0.083,-0.012,2.034,31.3,73,24.4
1/24/22 12:15 PM,0.34,488,0.089,-0.012,2.044,31.8,73,24.8
1/24/22 12:30 PM,0.34,489,0.085,-0.012,2.073,32.2,72,25.3
1/24/22 12:45 PM,0.34,501,0.081,-0.009,2.08,32.7,72,25.9
1/24/22 1:00 PM,0.32,500,0.082,-0.012,2.114,33.5,71,26.7
1/24/22 1:15 PM,0.33,488,0.074,-0.007,2.12,33.9,70,26.9
1/24/22 1:30 PM,0.38,495,0.07,-0.009,2.114,33.9,69,26.5
1/24/22 1:45 PM,0.43,514,0.092,-0.013,2.086,33.1,69,25.5
1/24/22 2:00 PM,0.42,528,0.123,-0.019,2.01,32.3,71,24.8
1/24/22 2:15 PM,0.41,535,0.123,-0.025,1.949,31.8,72,24.7
1/24/22 2:30 PM,0.42,541,0.114,-0.031,1.94,31.4,73,24.3
1/24/22 2:45 PM,0.43,545,0.124,-0.027,1.933,31,74,24.1
1/24/22 3:00 PM,0.43,522,0.126,-0.027,1.919,30.7,74,23.8
1/24/22 3:15 PM,0.43,522,0.134,-0.026,1.915,30.4,75,23.8
1/24/22 3:30 PM,0.43,542,0.127,-0.026,1.895,30.1,76,23.6
1/24/22 3:45 PM,0.41,522,0.128,-0.027,1.874,29.9,76,23.4
1/24/22 4:00 PM,0.41,495,0.121,-0.025,1.879,29.7,77,23.3
1/24/22 4:15 PM,0.41,555,0.118,-0.024,1.891,29.5,77,23.2
1/24/22 4:30 PM,0.42,518,0.114,-0.022,1.879,29.5,78,23.3
1/24/22 4:45 PM,0.42,514,0.12,-0.023,1.913,29.5,78,23.4
1/24/22 5:00 PM,0.42,500,0.122,-0.02,1.94,29.6,78,23.5
1/24/22 5:15 PM,0.4,502,0.12,-0.019,1.937,29.8,78,23.6
1/24/22 5:30 PM,0.39,529,0.114,-0.019,1.944,29.9,77,23.8
1/24/22 5:45 PM,0.38,505,0.107,-0.018,1.96,30.2,77,24
1/24/22 6:00 PM,0.35,511,0.109,-0.015,1.977,30.3,77,24.1
1/24/22 6:15 PM,0.35,496,0.097,-0.011,1.984,30.2,77,24
1/25/22 10:00 AM,0.29,524,0.046,-0.012,1.831,32.5,51,18.2
1/25/22 10:15 AM,0.29,515,0.043,-0.012,1.843,32.8,50,18.1
1/25/22 10:30 AM,0.28,503,0.041,-0.013,1.931,33.7,47,17.9
1/25/22 10:45 AM,0.28,508,0.041,-0.009,1.952,34.5,46,18.1
1/25/22 11:00 AM,0.28,514,0.039,-0.009,1.969,35.2,44,18.2
1/25/22 11:15 AM,0.29,491,0.036,-0.008,1.968,35.2,43,18
1/25/22 11:30 AM,0.28,507,0.033,-0.012,1.973,35.2,44,18
1/25/22 11:45 AM,0.27,517,0.042,-0.015,2.007,35.7,43,18.1
1/25/22 12:00 PM,0.27,522,0.04,-0.011,2.029,36.8,40,18.1
1/25/22 12:15 PM,0.27,520,0.032,-0.008,2.03,36.9,39,17.5
1/25/22 12:30 PM,0.27,488,0.03,-0.012,2.042,37,38,17.2
1/25/22 12:45 PM,0.27,518,0.031,-0.012,2.042,37.4,37,17.3
1/25/22 1:00 PM,0.28,485,0.035,-0.014,2.038,37.5,37,17.4
1/25/22 1:15 PM,0.29,490,0.038,-0.015,2.063,38.1,36,17.5
1/25/22 1:30 PM,0.28,496,0.038,-0.009,2.02,37.9,36,17.2
1/25/22 1:45 PM,0.29,499,0.042,-0.022,2.02,38.2,36,17.4
1/25/22 2:00 PM,0.3,522,0.047,-0.017,2.046,38.8,35,17.4
1/25/22 2:15 PM,0.31,486,0.051,-0.014,2.058,38.6,35,17.4
1/25/22 2:30 PM,0.31,498,0.053,-0.018,2.026,38,36,17.2
1/25/22 2:45 PM,0.31,483,0.055,-0.023,1.999,37.1,37,16.9
1/25/22 3:00 PM,0.32,502,0.057,-0.029,1.978,36.9,37,17
1/25/22 3:15 PM,0.32,486,0.06,-0.025,1.949,36.4,38,17
1/25/22 3:30 PM,0.32,484,0.065,-0.029,1.924,35.9,40,17.1
1/25/22 3:45 PM,0.32,496,0.063,-0.028,1.899,35.5,41,17.2
1/25/22 4:00 PM,0.32,488,0.064,-0.03,1.871,35,42,17.3
1/25/22 4:15 PM,0.33,493,0.067,-0.03,1.885,34.7,43,17.3
1/25/22 4:30 PM,0.33,505,0.07,-0.029,1.875,34.5,44,17.6
1/25/22 4:45 PM,0.34,490,0.07,-0.03,1.861,34.1,45,17.7
1/25/22 5:00 PM,0.33,497,0.072,-0.031,1.845,33.9,46,17.9
1/25/22 5:15 PM,0.34,509,0.073,-0.028,1.841,33.6,47,17.8
1/25/22 5:30 PM,0.34,493,0.072,-0.028,1.822,33.3,48,17.7
1/25/22 5:45 PM,0.35,526,0.073,-0.028,1.823,33,48,17.6
1/25/22 6:00 PM,0.34,501,0.073,-0.027,1.816,33,48,17.3
1/25/22 6:15 PM,0.35,503,0.074,-0.024,1.836,33,47,17.1
1/25/22 6:30 PM,0.37,515,0.074,-0.024,1.831,33,46,16.8
1/25/22 6:45 PM,0.37,503,0.079,-0.021,1.825,32.9,46,16.7
1/25/22 7:00 PM,0.37,492,0.088,-0.021,1.809,32.5,49,17.3
1/25/22 7:15 PM,0.37,494,0.086,-0.024,1.801,31.9,51,17.5
1/25/22 7:30 PM,0.36,500,0.087,-0.026,1.794,31.5,52,17.6
1/25/22 7:45 PM,0.36,515,0.082,-0.026,1.775,31,54,17.6
1/25/22 8:00 PM,0.36,513,0.078,-0.026,1.758,30.5,56,17.7
1/25/22 8:15 PM,0.35,505,0.076,-0.026,1.738,30.2,58,17.9
1/25/22 8:30 PM,0.35,519,0.078,-0.026,1.739,29.9,59,18.1
1/25/22 8:45 PM,0.35,518,0.073,-0.026,1.733,29.7,59,18
1/25/22 9:00 PM,0.35,518,0.072,-0.024,1.726,29.6,59,17.8
1/25/22 9:15 PM,0.34,513,0.071,-0.024,1.748,29.5,60,18
1/25/22 9:30 PM,0.34,512,0.071,-0.023,1.733,29.4,61,18.1
1/25/22 9:45 PM,0.34,501,0.07,-0.022,1.734,29.4,61,18.1
1/25/22 10:00 PM,0.34,505,0.07,-0.022,1.745,29.3,61,18.1
1/25/22 10:15 PM,0.33,527,0.069,-0.02,1.748,29.4,61,18.2
1/25/22 10:30 PM,0.33,521,0.068,-0.02,1.745,29.3,61,18
1/25/22 10:45 PM,0.33,536,0.067,-0.019,1.739,29.1,61,17.9
1/25/22 11:00 PM,0.33,524,0.065,-0.02,1.736,29.1,62,18.1
1/25/22 11:15 PM,0.33,542,0.065,-0.02,1.729,29,62,18.1
1/25/22 11:30 PM,0.33,525,0.064,-0.02,1.737,28.9,62,18.1
1/25/22 11:45 PM,0.32,526,0.064,-0.02,1.753,28.9,63,18.2
1/26/22 12:00 AM,0.32,547,0.062,-0.018,1.729,28.8,63,18.2
1/26/22 12:15 AM,0.32,533,0.061,-0.019,1.73,28.8,64,18.4
1/26/22 12:30 AM,0.31,512,0.059,-0.019,1.736,28.7,64,18.3
1/26/22 12:45 AM,0.31,541,0.059,-0.019,1.729,28.6,64,18.3
1/26/22 1:00 AM,0.31,542,0.058,-0.019,1.726,28.5,65,18.4
1/26/22 1:15 AM,0.31,549,0.058,-0.018,1.744,28.6,65,18.4
1/26/22 1:30 AM,0.31,540,0.058,-0.017,1.738,28.5,65,18.4
1/26/22 1:45 AM,0.31,547,0.057,-0.018,1.744,28.4,66,18.4
1/26/22 2:00 AM,0.31,546,0.055,-0.018,1.736,28.2,66,18.4
1/26/22 2:15 AM,0.3,526,0.055,-0.019,1.728,28.2,66,18.3
1/26/22 2:30 AM,0.3,544,0.055,-0.019,1.722,28.1,67,18.5
1/26/22 2:45 AM,0.3,552,0.054,-0.019,1.723,28.1,67,18.5
1/26/22 3:00 AM,0.3,557,0.053,-0.018,1.722,28,67,18.4
1/26/22 3:15 AM,0.3,554,0.054,-0.018,1.729,28,67,18.4
1/26/22 3:30 AM,0.3,551,0.052,-0.018,1.722,27.9,67,18.3
1/26/22 3:45 AM,0.3,574,0.052,-0.019,1.73,27.9,67,18.3
1/26/22 4:00 AM,0.3,551,0.054,-0.017,1.736,28,67,18.4
1/26/22 4:15 AM,0.3,560,0.053,-0.017,1.736,28,67,18.4
1/26/22 4:30 AM,0.3,536,0.053,-0.017,1.745,28.1,66,18.3
1/26/22 4:45 AM,0.31,548,0.054,-0.017,1.755,28.2,66,18.4
1/26/22 5:00 AM,0.31,551,0.055,-0.016,1.752,28.2,66,18.3
1/26/22 5:15 AM,0.31,565,0.058,-0.017,1.756,28.1,66,18.3
1/26/22 5:30 AM,0.32,567,0.056,-0.016,1.751,28,66,18.2
1/26/22 5:45 AM,0.34,564,0.058,-0.018,1.748,28,66,18.1
1/26/22 6:00 AM,0.35,580,0.066,-0.017,1.753,28,66,18.2
1/26/22 6:15 AM,0.35,558,0.073,-0.018,1.76,28.1,66,18.2
1/26/22 6:30 AM,0.35,554,0.075,-0.017,1.759,28.1,66,18.2
1/26/22 6:45 AM,0.34,553,0.077,-0.016,1.762,28.1,66,18.2
1/26/22 7:00 AM,0.37,557,0.072,-0.018,1.76,28.1,66,18.3
1/26/22 7:15 AM,0.38,555,0.074,-0.017,1.763,28.2,66,18.3
1/26/22 7:30 AM,0.38,583,0.091,-0.016,1.766,28.3,66,18.4
1/26/22 7:45 AM,0.39,573,0.091,-0.016,1.772,28.5,66,18.6
1/26/22 8:00 AM,0.39,552,0.095,-0.017,1.77,28.9,64,18.7
1/26/22 8:15 AM,0.39,546,0.098,-0.014,1.794,29.4,63,18.7
1/26/22 8:30 AM,0.37,529,0.101,-0.015,1.801,29.9,62,18.9
1/26/22 8:45 AM,0.34,509,0.103,-0.015,1.825,30.7,60,19.1
1/26/22 9:00 AM,0.31,534,0.094,-0.013,1.846,31.8,57,19.4
1/26/22 9:15 AM,0.3,529,0.074,-0.011,1.866,32.7,53,19.3
1/26/22 9:30 AM,0.28,533,0.064,-0.008,1.888,33.6,51,19.2
1/26/22 9:45 AM,0.29,525,0.055,-0.003,1.895,33.8,49,18.8
1/26/22 10:00 AM,0.3,544,0.042,-0.007,1.886,33.8,48,18.2
1/26/22 10:15 AM,0.3,502,0.047,-0.008,1.896,34.1,47,18.3
1/26/22 10:30 AM,0.3,519,0.054,-0.01,1.923,35.2,46,18.9
1/26/22 10:45 AM,0.31,510,0.058,-0.008,1.964,36.2,44,19.2
1/26/22 11:00 AM,0.32,499,0.056,-0.008,1.968,36.8,42,18.9
1/26/22 11:15 AM,0.29,522,0.066,-0.002,1.974,36.9,42,19
1/26/22 11:30 AM,0.28,520,0.061,-0.008,1.992,37.5,40,18.6
1/26/22 11:45 AM,0.28,502,0.04,-0.002,1.987,37,38,17.4
1/26/22 12:00 PM,0.28,507,0.038,-0.011,1.998,37.4,38,17.5
1/26/22 12:15 PM,0.29,504,0.042,-0.011,2.011,38.1,37,17.8
1/26/22 12:30 PM,0.29,509,0.044,-0.001,2.045,38.7,35,17.6
1/26/22 12:45 PM,0.29,514,0.042,-0.009,2.028,38.6,35,17.3
1/26/22 1:00 PM,0.28,532,0.044,-0.015,2.03,38.6,35,17.4
1/26/22 1:15 PM,0.3,496,0.048,-0.013,2.076,39.8,33,17.4
1/26/22 1:30 PM,0.3,520,0.042,0,2.105,39.4,33,16.9
1/26/22 1:45 PM,0.28,505,0.054,-0.021,2.083,38.6,35,17.4
1/26/22 2:00 PM,0.3,529,0.051,-0.016,2.104,39.4,33,17.1
1/26/22 2:15 PM,0.29,508,0.044,-0.016,2.084,39,33,16.7
1/26/22 2:30 PM,0.32,495,0.051,-0.018,2.085,38.9,33,16.7
1/26/22 2:45 PM,0.33,512,0.055,-0.019,2.077,38.6,34,16.8
1/26/22 3:00 PM,0.33,516,0.074,-0.027,2.079,38.6,37,18.3
1/26/22 3:15 PM,0.35,510,0.084,-0.031,2.094,39.2,36,18.6
1/26/22 3:30 PM,0.35,503,0.09,-0.022,2.097,39.3,36,18.6
1/26/22 3:45 PM,0.35,513,0.091,-0.03,2.038,38,38,18.5
1/26/22 4:00 PM,0.33,517,0.092,-0.035,2.021,37.4,40,18.5
1/26/22 4:15 PM,0.33,491,0.094,-0.032,2.037,37.7,40,18.9
1/26/22 4:30 PM,0.32,493,0.077,-0.023,2.037,37.7,38,18.1
1/26/22 4:45 PM,0.33,494,0.069,-0.021,2.01,37.2,38,17.5
1/26/22 5:00 PM,0.33,496,0.065,-0.022,1.976,36.4,39,17.2
1/26/22 5:15 PM,0.34,478,0.067,-0.025,1.951,35.8,40,17
1/26/22 5:30 PM,0.35,515,0.071,-0.027,1.919,35.3,42,17.3
1/26/22 5:45 PM,0.36,506,0.077,-0.029,1.895,34.7,43,17.4
1/26/22 6:00 PM,0.37,488,0.079,-0.029,1.868,34,45,17.4
1/26/22 6:15 PM,0.37,489,0.085,-0.032,1.817,33.2,48,17.7
1/26/22 6:30 PM,0.38,496,0.091,-0.032,1.807,32.6,50,17.9
1/26/22 6:45 PM,0.39,514,0.093,-0.031,1.795,31.9,52,17.8
1/26/22 7:00 PM,0.38,522,0.096,-0.031,1.792,31.4,53,17.8
1/26/22 7:15 PM,0.38,523,0.097,-0.031,1.771,30.9,55,17.8
1/26/22 7:30 PM,0.39,522,0.095,-0.029,1.792,30.6,55,17.7
1/26/22 7:45 PM,0.37,544,0.094,-0.029,1.796,30.4,57,17.8
1/26/22 8:00 PM,0.37,503,0.096,-0.027,1.802,30.2,57,17.8
1/26/22 8:15 PM,0.37,541,0.089,-0.025,1.799,30,56,17.4
1/26/22 8:30 PM,0.37,496,0.086,-0.024,1.791,29.8,57,17.5
1/26/22 8:45 PM,0.36,513,0.085,-0.023,1.786,29.6,58,17.5
1/26/22 9:00 PM,0.36,507,0.081,-0.022,1.788,29.5,59,17.6
1/26/22 9:15 PM,0.36,530,0.078,-0.022,1.776,29.3,59,17.5
1/26/22 9:30 PM,0.37,508,0.078,-0.022,1.792,29.2,60,17.6
1/26/22 9:45 PM,0.36,506,0.085,-0.022,1.79,29.2,60,17.7
1/26/22 10:00 PM,0.35,529,0.083,-0.022,1.791,29,61,17.8
1/26/22 10:15 PM,0.35,525,0.077,-0.021,1.786,28.9,62,17.8
1/26/22 10:30 PM,0.35,515,0.074,-0.021,1.781,28.8,62,17.8
1/26/22 10:45 PM,0.34,520,0.074,-0.021,1.769,28.7,63,17.9
1/26/22 11:00 PM,0.34,562,0.073,-0.02,1.78,28.6,63,18
1/26/22 11:15 PM,0.33,573,0.071,-0.02,1.768,28.6,64,18.1
1/26/22 11:30 PM,0.33,550,0.067,-0.019,1.766,28.4,64,18.1
1/26/22 11:45 PM,0.33,549,0.065,-0.02,1.758,28.4,65,18.2
1/27/22 12:00 AM,0.33,536,0.065,-0.019,1.747,28.3,65,18.2
1/27/22 12:15 AM,0.33,531,0.065,-0.019,1.774,28.3,65,18.2
1/27/22 12:30 AM,0.32,549,0.064,-0.019,1.768,28.3,65,18.2
1/27/22 12:45 AM,0.32,539,0.062,-0.018,1.772,28.3,65,18.2
1/27/22 1:00 AM,0.32,534,0.063,-0.018,1.774,28.3,65,18.2
1/27/22 1:15 AM,0.32,557,0.06,-0.018,1.776,28.3,65,18.2
1/27/22 1:30 AM,0.31,537,0.059,-0.018,1.774,28.4,65,18.2
1/27/22 1:45 AM,0.31,539,0.06,-0.018,1.771,28.3,65,18.3
1/27/22 2:00 AM,0.32,532,0.057,-0.018,1.771,28.2,66,18.4
1/27/22 2:15 AM,0.32,535,0.057,-0.018,1.773,28.2,66,18.3
1/27/22 2:30 AM,0.33,542,0.058,-0.018,1.769,28.1,66,18.2
1/27/22 2:45 AM,0.33,540,0.063,-0.017,1.774,28.1,66,18.2
1/27/22 3:00 AM,0.33,535,0.066,-0.017,1.778,28.1,66,18.2
1/27/22 3:15 AM,0.32,567,0.067,-0.017,1.772,28.1,65,18
1/27/22 3:30 AM,0.32,556,0.063,-0.017,1.769,28,65,18
1/27/22 3:45 AM,0.31,541,0.059,-0.018,1.766,27.9,66,18.1
1/27/22 4:00 AM,0.31,542,0.058,-0.017,1.763,27.9,66,18
1/27/22 4:15 AM,0.31,550,0.056,-0.018,1.762,27.9,66,18
1/27/22 4:30 AM,0.31,535,0.057,-0.017,1.764,27.9,66,18
1/27/22 4:45 AM,0.31,546,0.056,-0.018,1.77,27.9,66,18
1/27/22 5:00 AM,0.31,547,0.054,-0.017,1.772,27.9,66,18
1/27/22 5:15 AM,0.3,557,0.054,-0.016,1.773,27.9,66,18
1/27/22 5:30 AM,0.33,544,0.053,-0.018,1.776,27.9,66,18
1/27/22 5:45 AM,0.37,580,0.055,-0.018,1.782,28.1,66,18.1
1/27/22 6:00 AM,0.39,559,0.067,-0.017,1.793,28.2,65,18
1/27/22 6:15 AM,0.42,598,0.085,-0.018,1.798,28.1,65,18.1
1/27/22 6:30 AM,0.38,556,0.096,-0.017,1.795,28.1,65,18
1/27/22 6:45 AM,0.37,561,0.106,-0.016,1.795,28,66,18.1
1/27/22 7:00 AM,0.39,551,0.086,-0.016,1.787,27.9,66,18
1/27/22 7:15 AM,0.42,594,0.081,-0.018,1.793,27.9,66,18
1/27/22 7:30 AM,0.38,559,0.099,-0.018,1.804,28.1,66,18.1
1/27/22 7:45 AM,0.37,559,0.111,-0.017,1.819,28.7,64,18.4
1/27/22 8:00 AM,0.38,569,0.095,-0.016,1.83,29.5,62,18.5
1/27/22 8:15 AM,0.37,535,0.089,-0.016,1.832,30.2,60,18.7
1/27/22 8:30 AM,0.35,566,0.096,-0.015,1.858,31.1,58,19
1/27/22 8:45 AM,0.33,520,0.086,-0.011,1.873,31.6,56,18.9
1/27/22 9:00 AM,0.32,531,0.071,-0.01,1.874,32,54,18.6
1/27/22 9:15 AM,0.3,512,0.059,-0.009,1.876,32.7,52,18.7
1/27/22 9:30 AM,0.29,522,0.055,-0.012,1.894,33.5,50,18.8
1/27/22 9:45 AM,0.29,519,0.045,-0.005,1.902,33.9,48,18.4
1/27/22 10:00 AM,0.3,516,0.037,-0.006,1.893,33.6,47,17.9
1/27/22 10:15 AM,0.3,506,0.041,-0.011,1.901,33.6,47,17.8
1/27/22 10:30 AM,0.26,514,0.05,-0.014,1.934,34.4,46,18.1
1/27/22 10:45 AM,0.26,506,0.041,-0.011,1.941,35.1,43,17.8
1/27/22 11:00 AM,0.27,507,0.028,-0.006,1.973,35.5,41,17.3
1/27/22 11:15 AM,0.28,512,0.03,-0.01,1.959,35.6,41,17.3
1/27/22 11:30 AM,0.28,507,0.034,-0.008,1.967,35.6,41,17.3
1/27/22 11:45 AM,0.27,515,0.036,-0.016,1.973,35.3,41,17.1
1/27/22 12:00 PM,0.27,519,0.04,-0.016,2.004,36.5,39,17.4
1/27/22 12:15 PM,0.28,503,0.037,-0.007,2.003,37,38,17.2
1/27/22 12:30 PM,0.29,523,0.038,-0.013,1.991,36.5,39,17.3
1/27/22 12:45 PM,0.29,496,0.039,-0.016,1.989,36.1,39,17.1
1/27/22 1:00 PM,0.29,515,0.045,-0.019,1.994,36.3,39,17.2
1/27/22 1:15 PM,0.3,544,0.045,-0.019,1.982,35.9,40,17.1
1/27/22 1:30 PM,0.28,503,0.048,-0.022,1.981,35.8,40,17
1/27/22 1:45 PM,0.27,494,0.049,-0.023,2.011,36.9,38,17.2
1/27/22 2:00 PM,0.27,491,0.045,-0.016,2.04,38,36,17.3
1/27/22 2:15 PM,0.26,491,0.034,-0.011,2.055,38.5,34,16.6
1/27/22 2:30 PM,0.27,501,0.028,-0.009,2.056,38.6,33,16.3
1/27/22 2:45 PM,0.27,505,0.028,-0.007,2.06,39.2,31,16
1/27/22 3:00 PM,0.28,488,0.031,-0.015,2.055,38.9,32,16.2
1/27/22 3:15 PM,0.29,501,0.034,-0.017,2.064,38.9,32,16
1/27/22 3:30 PM,0.31,512,0.035,-0.015,2.031,38.4,31,15.6
1/27/22 3:45 PM,0.3,490,0.044,-0.022,1.993,37.6,34,15.9
1/27/22 4:00 PM,0.3,495,0.053,-0.029,1.991,37.3,34,16
1/27/22 4:15 PM,0.31,497,0.052,-0.026,1.972,37.1,34,15.7
1/27/22 4:30 PM,0.32,487,0.057,-0.028,1.961,36.5,36,15.9
1/27/22 4:45 PM,0.32,506,0.06,-0.031,1.93,35.9,38,16.1
1/27/22 5:00 PM,0.33,494,0.063,-0.031,1.915,35.6,38,16.1
1/27/22 5:15 PM,0.35,538,0.067,-0.03,1.929,35.4,39,16.2
1/27/22 5:30 PM,0.36,498,0.072,-0.029,1.902,34.5,41,16.4
1/27/22 5:45 PM,0.37,517,0.08,-0.03,1.876,33.6,44,16.5
1/27/22 6:00 PM,0.37,548,0.088,-0.033,1.842,32.9,45,16.6
1/27/22 6:15 PM,0.38,511,0.089,-0.031,1.831,32.5,46,16.4
1/27/22 6:30 PM,0.39,522,0.089,-0.031,1.807,31.9,48,16.4
1/27/22 6:45 PM,0.39,500,0.096,-0.03,1.836,31.8,48,16.6
1/27/22 7:00 PM,0.39,495,0.098,-0.028,1.828,31.3,51,16.8
1/27/22 7:15 PM,0.38,499,0.096,-0.029,1.809,30.9,52,16.9
1/27/22 7:30 PM,0.39,524,0.094,-0.03,1.815,30.5,53,16.8
1/27/22 7:45 PM,0.4,514,0.09,-0.028,1.789,30.2,53,16.6
1/27/22 8:00 PM,0.42,534,0.094,-0.026,1.794,30,54,16.8
1/27/22 8:15 PM,0.4,525,0.1,-0.026,1.788,29.8,55,16.8
1/27/22 8:30 PM,0.39,518,0.1,-0.025,1.779,29.6,56,16.9
1/27/22 8:45 PM,0.39,531,0.095,-0.025,1.771,29.4,57,17
1/27/22 9:00 PM,0.38,516,0.094,-0.024,1.782,29.4,57,17.1
1/27/22 9:15 PM,0.37,563,0.091,-0.024,1.787,29.2,58,17.2
1/27/22 9:30 PM,0.35,523,0.085,-0.022,1.788,29.1,59,17.3
1/27/22 9:45 PM,0.35,529,0.079,-0.022,1.776,29,60,17.5
1/27/22 10:00 PM,0.36,519,0.073,-0.021,1.769,28.8,61,17.5
1/27/22 10:15 PM,0.36,533,0.074,-0.022,1.766,28.8,62,17.7
1/27/22 10:30 PM,0.36,532,0.077,-0.021,1.768,28.7,62,17.8
1/27/22 10:45 PM,0.36,504,0.081,-0.021,1.777,28.7,62,17.8
1/27/22 11:00 PM,0.35,519,0.08,-0.021,1.779,28.7,62,17.9
1/27/22 11:15 PM,0.35,553,0.076,-0.02,1.771,28.6,63,18
1/27/22 11:30 PM,0.34,526,0.076,-0.02,1.781,28.6,63,18
1/27/22 11:45 PM,0.33,511,0.071,-0.019,1.778,28.6,63,17.9
1/28/22 12:00 AM,0.33,532,0.065,-0.018,1.763,28.5,63,17.8
1/28/22 12:15 AM,0.33,549,0.062,-0.018,1.754,28.3,64,17.8
1/28/22 12:30 AM,0.33,549,0.064,-0.019,1.762,28.3,64,17.9
1/28/22 12:45 AM,0.33,540,0.063,-0.019,1.765,28.3,64,17.9
1/28/22 1:00 AM,0.34,557,0.064,-0.018,1.759,28.3,64,17.9
1/28/22 1:15 AM,0.35,541,0.066,-0.019,1.768,28.2,64,17.8
1/28/22 1:30 AM,0.34,524,0.068,-0.018,1.764,28.2,64,17.8
1/28/22 1:45 AM,0.33,516,0.069,-0.018,1.769,28.2,64,17.6
1/28/22 2:00 AM,0.33,514,0.066,-0.017,1.763,28.1,63,17.5
1/28/22 2:15 AM,0.33,524,0.063,-0.017,1.759,28.1,63,17.4
1/28/22 2:30 AM,0.34,546,0.063,-0.016,1.758,28.1,63,17.4
1/28/22 2:45 AM,0.34,528,0.066,-0.017,1.761,27.9,64,17.5
1/28/22 3:00 AM,0.34,533,0.066,-0.016,1.76,27.9,64,17.5
1/28/22 3:15 AM,0.33,558,0.068,-0.017,1.756,27.8,65,17.6
1/28/22 3:30 AM,0.34,543,0.064,-0.018,1.763,27.8,65,17.6
1/28/22 3:45 AM,0.33,572,0.063,-0.018,1.762,27.8,65,17.6
1/28/22 4:00 AM,0.33,549,0.067,-0.017,1.769,27.7,65,17.7
1/28/22 4:15 AM,0.32,562,0.064,-0.017,1.759,27.6,66,17.8
1/28/22 4:30 AM,0.32,549,0.059,-0.018,1.746,27.5,67,17.7
1/28/22 4:45 AM,0.32,561,0.056,-0.018,1.742,27.4,67,17.8
1/28/22 5:00 AM,0.31,549,0.057,-0.017,1.741,27.4,67,17.8
1/28/22 5:15 AM,0.32,558,0.055,-0.018,1.742,27.4,67,17.7
1/28/22 5:30 AM,0.32,583,0.056,-0.017,1.745,27.4,67,17.7
1/28/22 5:45 AM,0.32,564,0.056,-0.017,1.74,27.3,67,17.7
1/28/22 6:00 AM,0.32,563,0.059,-0.016,1.748,27.3,68,17.9
1/28/22 6:15 AM,0.33,550,0.06,-0.018,1.743,27.2,68,17.8
1/28/22 6:30 AM,0.33,547,0.057,-0.017,1.74,27.2,68,17.8
1/28/22 6:45 AM,0.33,564,0.061,-0.016,1.741,27.2,68,17.8
1/28/22 7:00 AM,0.34,569,0.061,-0.017,1.747,27.2,68,17.8
1/28/22 7:15 AM,0.35,582,0.062,-0.016,1.728,27.1,69,17.8
1/28/22 7:30 AM,0.36,586,0.07,-0.016,1.745,27.3,68,17.9
1/28/22 7:45 AM,0.36,545,0.071,-0.017,1.759,27.8,67,18
1/28/22 8:00 AM,0.36,577,0.08,-0.016,1.788,29.1,63,18.4
1/28/22 8:15 AM,0.35,552,0.084,-0.015,1.817,30,60,18.5
1/28/22 8:30 AM,0.33,533,0.076,-0.013,1.821,30.6,58,18.6
1/28/22 8:45 AM,0.32,547,0.073,-0.011,1.845,31.4,56,18.6
1/28/22 9:00 AM,0.33,512,0.063,-0.009,1.859,32.2,53,18.6
1/28/22 9:15 AM,0.32,508,0.057,-0.004,1.863,32.5,52,18.5
1/28/22 9:30 AM,0.31,533,0.055,-0.01,1.857,32.5,52,18.5
1/28/22 9:45 AM,0.3,533,0.053,-0.008,1.875,33.2,49,18.3
1/28/22 10:00 AM,0.29,515,0.049,-0.007,1.88,33.6,48,18.1
1/28/22 10:15 AM,0.31,534,0.045,-0.004,1.897,34,46,17.8
1/28/22 10:30 AM,0.31,548,0.044,-0.008,1.879,33.5,47,17.6
1/28/22 10:45 AM,0.3,501,0.05,-0.012,1.892,33.5,46,17.5
1/28/22 11:00 AM,0.29,514,0.049,-0.013,1.911,34,45,17.6
1/28/22 11:15 AM,0.29,525,0.048,-0.01,1.92,34.9,43,17.5
1/28/22 11:30 AM,0.29,514,0.045,-0.008,1.929,35.2,42,17.2
1/28/22 11:45 AM,0.29,500,0.045,-0.008,1.942,35.4,41,17.2
1/28/22 12:00 PM,0.29,529,0.042,-0.013,1.928,35.3,41,17.1
1/28/22 12:15 PM,0.29,499,0.044,-0.013,1.942,35.7,39,16.7
1/28/22 12:30 PM,0.29,508,0.047,-0.016,1.966,36.1,40,17.3
1/28/22 12:45 PM,0.29,516,0.047,-0.011,1.988,36.9,38,17.2
1/28/22 1:00 PM,0.3,526,0.047,-0.013,2.025,37.6,37,17.6
1/28/22 1:15 PM,0.3,501,0.048,-0.008,2.035,38.1,36,17.5
1/28/22 1:30 PM,0.31,518,0.049,-0.007,2.041,38.4,35,17.4
1/28/22 1:45 PM,0.3,527,0.051,-0.015,2.045,38.4,35,17.1
1/28/22 2:00 PM,0.31,486,0.053,-0.015,2.073,39.4,34,17.5
1/28/22 2:15 PM,0.31,525,0.055,-0.005,2.084,40,33,17.5
1/28/22 2:30 PM,0.33,492,0.055,-0.007,2.074,39.8,33,17.3
1/28/22 2:45 PM,0.33,486,0.057,-0.016,2.052,39,34,17.2
1/28/22 3:00 PM,0.35,514,0.063,-0.02,2.043,39.3,34,17.4
1/28/22 3:15 PM,0.34,489,0.069,-0.02,2.015,38.2,35,17.3
1/28/22 3:30 PM,0.36,533,0.074,-0.028,2.014,38.1,36,17.5
1/28/22 3:45 PM,0.4,511,0.081,-0.023,1.976,37.3,37,17.3
1/28/22 4:00 PM,0.41,508,0.089,-0.031,1.958,36.3,39,17.3
1/28/22 4:15 PM,0.44,495,0.109,-0.033,1.98,36.2,41,17.7
1/28/22 4:30 PM,0.42,487,0.127,-0.026,1.958,35.9,44,19
1/28/22 4:45 PM,0.45,506,0.107,-0.042,1.783,31.5,54,18.1
1/28/22 5:00 PM,0.42,510,0.094,-0.05,1.778,29.2,58,17
1/28/22 5:15 PM,0.43,497,0.124,-0.046,1.787,29.3,62,18.2
1/28/22 5:30 PM,0.46,524,0.113,-0.038,1.782,29.4,59,17.6
1/28/22 5:45 PM,0.51,511,0.122,-0.035,1.803,29.9,57,17.6
1/28/22 6:00 PM,0.51,504,0.143,-0.028,1.824,30.3,55,17.2
1/28/22 6:15 PM,0.43,497,0.17,-0.025,1.841,30.8,54,17.5
1/28/22 6:30 PM,0.41,505,0.139,-0.021,1.838,31,52,16.9
1/28/22 6:45 PM,0.41,506,0.106,-0.019,1.815,31.2,50,16.4
1/28/22 7:00 PM,0.42,510,0.102,-0.019,1.811,31.4,49,16.3
1/28/22 7:15 PM,0.43,508,0.106,-0.019,1.809,31.4,49,16.5
1/28/22 7:30 PM,0.44,526,0.106,-0.021,1.804,31.2,51,16.8
1/28/22 7:45 PM,0.45,542,0.114,-0.022,1.803,31.1,54,17.5
1/28/22 8:00 PM,0.47,530,0.118,-0.025,1.81,30.7,57,18.3
1/28/22 8:15 PM,0.48,521,0.122,-0.026,1.787,30.5,59,18.6
1/28/22 8:30 PM,0.45,512,0.129,-0.027,1.767,30.1,60,18.6
1/28/22 8:45 PM,0.42,525,0.117,-0.026,1.764,29.8,59,18.2
1/28/22 9:00 PM,0.42,540,0.101,-0.024,1.748,29.6,59,17.6
1/28/22 9:15 PM,0.44,540,0.095,-0.023,1.747,29.3,59,17.5
1/28/22 9:30 PM,0.43,504,0.102,-0.023,1.751,29.2,61,17.9
1/28/22 9:45 PM,0.43,528,0.104,-0.023,1.757,29.1,61,17.8
1/28/22 10:00 PM,0.43,526,0.101,-0.023,1.764,29,61,17.8
1/28/22 10:15 PM,0.42,533,0.1,-0.024,1.762,29,63,18.2
1/28/22 10:30 PM,0.4,535,0.099,-0.024,1.761,28.9,63,18.2
1/28/22 10:45 PM,0.39,550,0.092,-0.024,1.754,28.7,63,18.1
1/28/22 11:00 PM,0.37,522,0.085,-0.023,1.757,28.7,63,18
1/28/22 11:15 PM,0.37,587,0.081,-0.024,1.759,28.6,63,18.1
1/28/22 11:30 PM,0.37,533,0.077,-0.022,1.758,28.6,64,18.2
1/28/22 11:45 PM,0.36,538,0.076,-0.023,1.764,28.6,64,18.2
1/29/22 12:00 AM,0.37,528,0.071,-0.021,1.749,28.4,64,18
1/29/22 12:15 AM,0.37,552,0.073,-0.022,1.76,28.4,65,18.2
1/29/22 12:30 AM,0.37,571,0.077,-0.022,1.767,28.4,65,18.3
1/29/22 12:45 AM,0.37,529,0.075,-0.021,1.757,28.2,66,18.3
1/29/22 1:00 AM,0.37,540,0.075,-0.022,1.747,28.1,66,18.3
1/29/22 1:15 AM,0.36,530,0.075,-0.022,1.749,28.1,66,18.3
1/29/22 1:30 AM,0.35,554,0.072,-0.021,1.75,28.1,67,18.4
1/29/22 1:45 AM,0.35,554,0.072,-0.022,1.746,28,67,18.4
1/29/22 2:00 AM,0.35,568,0.065,-0.021,1.743,27.9,67,18.3
1/29/22 2:15 AM,0.35,544,0.066,-0.021,1.738,27.8,68,18.4
1/29/22 2:30 AM,0.35,550,0.068,-0.022,1.733,27.7,68,18.4
1/29/22 2:45 AM,0.34,571,0.066,-0.022,1.732,27.7,69,18.5
1/29/22 3:00 AM,0.34,571,0.065,-0.022,1.73,27.7,68,18.4
1/29/22 3:15 AM,0.34,551,0.064,-0.021,1.743,27.7,68,18.3
1/29/22 3:30 AM,0.34,553,0.063,-0.02,1.743,27.6,68,18.4
1/29/22 3:45 AM,0.34,557,0.062,-0.021,1.747,27.6,68,18.4
1/29/22 4:00 AM,0.35,556,0.064,-0.021,1.744,27.6,69,18.5
1/29/22 4:15 AM,0.34,549,0.064,-0.021,1.746,27.5,69,18.4
1/29/22 4:30 AM,0.34,580,0.064,-0.021,1.739,27.4,69,18.5
1/29/22 4:45 AM,0.34,566,0.061,-0.02,1.735,27.3,70,18.5
1/29/22 5:00 AM,0.34,562,0.061,-0.02,1.733,27.3,70,18.5
1/29/22 5:15 AM,0.35,580,0.063,-0.021,1.736,27.3,70,18.5
1/29/22 5:30 AM,0.35,595,0.063,-0.02,1.737,27.3,70,18.4
1/29/22 5:45 AM,0.35,565,0.064,-0.021,1.735,27.2,70,18.5
1/29/22 6:00 AM,0.35,591,0.067,-0.021,1.734,27.2,71,18.6
1/29/22 6:15 AM,0.35,596,0.065,-0.02,1.731,27.1,71,18.5
1/29/22 6:30 AM,0.35,601,0.066,-0.02,1.733,27.1,71,18.5
1/29/22 6:45 AM,0.36,568,0.067,-0.02,1.742,27.1,71,18.5
1/29/22 7:00 AM,0.35,584,0.068,-0.019,1.743,27.2,71,18.6
1/29/22 7:15 AM,0.36,565,0.068,-0.021,1.746,27.2,71,18.5
1/29/22 7:30 AM,0.37,579,0.072,-0.02,1.753,27.5,70,18.6
1/29/22 7:45 AM,0.4,581,0.079,-0.02,1.77,28,68,18.8
1/29/22 8:00 AM,0.49,565,0.078,-0.019,1.802,29.4,64,19.1
1/29/22 8:15 AM,0.49,566,0.103,-0.016,1.815,30.5,60,19.2
1/29/22 8:30 AM,0.43,577,0.115,-0.013,1.827,31,59,19.2
1/29/22 8:45 AM,0.37,528,0.11,-0.013,1.855,31.6,57,19.3
1/29/22 9:00 AM,0.35,553,0.076,-0.013,1.858,32,56,19.3
1/29/22 9:15 AM,0.33,519,0.061,-0.013,1.865,32.4,54,19.2
1/29/22 9:30 AM,0.33,512,0.054,-0.015,1.88,32.8,53,19.2
1/29/22 9:45 AM,0.32,521,0.053,-0.013,1.897,33.7,50,19.1
1/29/22 10:00 AM,0.33,515,0.05,-0.011,1.897,33.8,48,18.4
1/29/22 10:15 AM,0.31,519,0.047,-0.012,1.91,34.1,46,17.8
1/29/22 10:30 AM,0.3,526,0.049,-0.013,1.93,34.8,44,17.9
1/29/22 10:45 AM,0.31,554,0.039,-0.012,1.935,34.9,44,17.9
1/29/22 11:00 AM,0.29,519,0.04,-0.016,1.945,35,44,18
1/29/22 11:15 AM,0.28,520,0.042,-0.02,1.984,36.2,42,18.5
1/29/22 11:30 AM,0.28,505,0.037,-0.009,2.016,37.4,38,17.9
1/29/22 11:45 AM,0.28,534,0.028,-0.008,2.029,37.8,36,17.3
1/29/22 12:00 PM,0.29,509,0.024,-0.009,2.036,38,35,16.8
1/29/22 12:15 PM,0.3,518,0.028,-0.015,2.044,38.1,35,17
1/29/22 12:30 PM,0.3,512,0.037,-0.012,2.057,38.6,34,17
1/29/22 12:45 PM,0.29,523,0.041,-0.019,2.074,39.1,33,17.1
1/29/22 1:00 PM,0.29,509,0.047,-0.018,2.123,40.6,32,17.5
1/29/22 1:15 PM,0.28,515,0.041,-0.011,2.142,41.5,29,17.1
1/29/22 1:30 PM,0.32,511,0.044,-0.005,2.202,42.2,30,17.8
1/29/22 1:45 PM,0.33,511,0.047,-0.026,2.089,40.4,34,18.7
1/29/22 2:00 PM,0.34,498,0.062,-0.045,2.043,38.6,38,18.8
1/29/22 2:15 PM,0.35,507,0.067,-0.044,2.02,38,40,19.1
1/29/22 2:30 PM,0.36,514,0.076,-0.044,1.997,37.4,41,19.2
1/29/22 2:45 PM,0.35,510,0.08,-0.043,1.962,36.3,43,19.1
1/29/22 3:00 PM,0.34,494,0.084,-0.044,1.981,36.6,44,19.6
1/29/22 3:15 PM,0.33,498,0.077,-0.039,1.99,37.2,43,19.7
1/29/22 3:30 PM,0.33,491,0.075,-0.031,2.029,37.9,41,19.9
1/29/22 3:45 PM,0.33,505,0.068,-0.03,2.022,38.2,40,19.7
1/29/22 4:00 PM,0.34,487,0.07,-0.024,2.038,38.5,40,19.8
1/29/22 4:15 PM,0.34,487,0.065,-0.027,2.013,37.8,41,19.6
1/29/22 4:30 PM,0.34,498,0.065,-0.031,1.996,37.4,42,19.6
1/29/22 4:45 PM,0.35,544,0.069,-0.031,1.966,37.1,43,19.5
1/29/22 5:00 PM,0.36,499,0.071,-0.03,1.954,36.3,45,19.7
1/29/22 5:15 PM,0.39,535,0.07,-0.032,1.92,35,47,19.4
1/29/22 5:30 PM,0.4,524,0.082,-0.033,1.855,33.9,52,19.9
1/29/22 5:45 PM,0.38,519,0.091,-0.048,1.795,32.2,58,20.1
1/29/22 6:00 PM,0.38,540,0.094,-0.045,1.809,31.7,59,20
1/29/22 6:15 PM,0.36,485,0.095,-0.036,1.843,32.1,56,19.6
1/29/22 6:30 PM,0.37,514,0.089,-0.027,1.844,32.2,54,18.9
1/29/22 6:45 PM,0.37,496,0.08,-0.025,1.818,31.9,54,18.6
1/29/22 7:00 PM,0.37,518,0.082,-0.026,1.817,31.6,55,18.7
1/29/22 7:15 PM,0.37,516,0.08,-0.027,1.814,31.4,56,18.7
1/29/22 7:30 PM,0.38,547,0.076,-0.027,1.778,30.9,57,18.5
1/29/22 7:45 PM,0.38,519,0.077,-0.027,1.773,30.5,58,18.4
1/29/22 8:00 PM,0.38,542,0.083,-0.027,1.78,30.3,59,18.5
1/29/22 8:15 PM,0.38,543,0.081,-0.027,1.774,30.1,60,18.5
1/29/22 8:30 PM,0.37,521,0.08,-0.026,1.772,29.9,60,18.5
1/29/22 8:45 PM,0.38,534,0.076,-0.026,1.775,29.7,61,18.5
1/29/22 9:00 PM,0.38,529,0.081,-0.026,1.764,29.5,62,18.6
1/29/22 9:15 PM,0.37,548,0.081,-0.024,1.758,29.3,63,18.7
1/29/22 9:30 PM,0.37,534,0.075,-0.026,1.75,29.2,64,18.8
1/29/22 9:45 PM,0.37,561,0.074,-0.025,1.734,29,64,18.8
1/29/22 10:00 PM,0.37,533,0.075,-0.025,1.762,28.9,65,18.8
1/29/22 10:15 PM,0.37,547,0.074,-0.023,1.713,28.8,65,18.8
1/29/22 10:30 PM,0.36,532,0.074,-0.024,1.723,28.7,66,18.9
1/29/22 10:45 PM,0.35,548,0.073,-0.022,1.712,28.6,66,18.8
1/29/22 11:00 PM,0.35,535,0.069,-0.023,1.718,28.6,66,18.7
1/29/22 11:15 PM,0.36,555,0.069,-0.021,1.717,28.5,66,18.7
1/29/22 11:30 PM,0.36,575,0.069,-0.021,1.731,28.5,66,18.6
1/29/22 11:45 PM,0.35,563,0.073,-0.019,1.726,28.4,66,18.7
1/30/22 12:00 AM,0.34,551,0.067,-0.02,1.719,28.3,67,18.8
1/30/22 12:15 AM,0.33,527,0.064,-0.022,1.712,28.2,67,18.7
1/30/22 12:30 AM,0.33,550,0.058,-0.021,1.7,28.2,67,18.6
1/30/22 12:45 AM,0.33,571,0.056,-0.02,1.709,28,68,18.6
1/30/22 1:00 AM,0.32,545,0.055,-0.021,1.702,27.9,68,18.6
1/30/22 1:15 AM,0.32,546,0.057,-0.02,1.7,27.9,68,18.5
1/30/22 1:30 AM,0.32,549,0.054,-0.02,1.695,27.8,68,18.6
1/30/22 1:45 AM,0.32,551,0.053,-0.02,1.696,27.7,69,18.6
1/30/22 2:00 AM,0.32,552,0.051,-0.02,1.69,27.6,69,18.5
1/30/22 2:15 AM,0.31,549,0.053,-0.019,1.685,27.5,69,18.5
1/30/22 2:30 AM,0.31,566,0.051,-0.02,1.688,27.5,70,18.6
1/30/22 2:45 AM,0.31,570,0.05,-0.02,1.689,27.4,70,18.6
1/30/22 3:00 AM,0.32,566,0.05,-0.02,1.685,27.3,71,18.7
1/30/22 3:15 AM,0.32,567,0.05,-0.019,1.695,27.3,70,18.6
1/30/22 3:30 AM,0.32,561,0.053,-0.02,1.698,27.3,71,18.7
1/30/22 3:45 AM,0.31,578,0.053,-0.019,1.7,27.3,71,18.7
1/30/22 4:00 AM,0.31,571,0.052,-0.018,1.703,27.3,71,18.7
1/30/22 4:15 AM,0.31,579,0.05,-0.018,1.706,27.2,71,18.7
1/30/22 4:30 AM,0.31,581,0.049,-0.018,1.694,27.1,72,18.8
1/30/22 4:45 AM,0.31,588,0.05,-0.02,1.692,27.1,72,18.7
1/30/22 5:00 AM,0.31,584,0.05,-0.019,1.697,27,72,18.7
1/30/22 5:15 AM,0.31,579,0.049,-0.019,1.695,27,72,18.7
1/30/22 5:30 AM,0.31,598,0.048,-0.019,1.692,26.9,73,18.8
1/30/22 5:45 AM,0.31,605,0.047,-0.019,1.69,26.9,73,18.8
1/30/22 6:00 AM,0.32,586,0.049,-0.018,1.695,26.9,73,18.8
1/30/22 6:15 AM,0.32,605,0.052,-0.018,1.693,26.9,73,18.8
1/30/22 6:30 AM,0.32,616,0.053,-0.018,1.689,26.9,73,18.8
1/30/22 6:45 AM,0.33,592,0.054,-0.018,1.689,26.9,73,18.8
1/30/22 7:00 AM,0.33,617,0.056,-0.017,1.689,26.9,73,18.8
1/30/22 7:15 AM,0.33,567,0.058,-0.018,1.687,27,73,18.9
1/30/22 7:30 AM,0.33,594,0.058,-0.017,1.695,27.1,72,18.9
1/30/22 7:45 AM,0.32,571,0.058,-0.017,1.705,27.5,71,19
1/30/22 8:00 AM,0.32,579,0.058,-0.016,1.721,28.6,67,19
1/30/22 8:15 AM,0.32,550,0.058,-0.015,1.74,29.6,63,19
1/30/22 8:30 AM,0.31,549,0.058,-0.014,1.755,30.1,61,19
1/30/22 8:45 AM,0.31,524,0.056,-0.012,1.771,30.7,59,19
1/30/22 9:00 AM,0.31,531,0.05,-0.008,1.768,30.9,57,18.6
1/30/22 9:15 AM,0.31,525,0.049,-0.012,1.779,31.2,57,18.7
1/30/22 9:30 AM,0.31,538,0.05,-0.009,1.777,31.5,55,18.5
1/30/22 9:45 AM,0.31,534,0.05,-0.011,1.793,31.8,54,18.3
1/30/22 10:00 AM,0.31,508,0.047,-0.011,1.805,32.1,52,18.1
1/30/22 10:15 AM,0.31,517,0.051,-0.011,1.832,32.9,50,18.2
1/30/22 10:30 AM,0.31,509,0.052,-0.008,1.847,33.4,48,18.1
1/30/22 10:45 AM,0.3,524,0.052,-0.009,1.886,34.3,46,18
1/30/22 11:00 AM,0.31,519,0.055,-0.007,1.932,35.8,43,18.4
1/30/22 11:15 AM,0.3,510,0.046,-0.001,1.949,36.2,41,18.1
1/30/22 11:30 AM,0.3,512,0.049,-0.005,1.969,36.9,40,18.3
1/30/22 11:45 AM,0.31,513,0.047,-0.003,1.977,37.7,39,18.3
1/30/22 12:00 PM,0.3,524,0.044,-0.001,1.988,38,38,18.3
1/30/22 12:15 PM,0.31,488,0.049,-0.01,2.016,38.6,37,18.5
1/30/22 12:30 PM,0.3,513,0.053,-0.004,2.042,39.7,35,18.7
1/30/22 12:45 PM,0.3,507,0.048,-0.005,2.051,40.1,35,18.7
1/30/22 1:00 PM,0.31,525,0.05,-0.006,2.081,41.1,33,18.9
1/30/22 1:15 PM,0.32,500,0.05,-0.002,2.083,41.1,33,18.6
1/30/22 1:30 PM,0.35,475,0.057,-0.01,2.072,40.7,33,18.5
1/30/22 1:45 PM,0.36,525,0.065,-0.018,2.062,40.3,34,18.5
1/30/22 2:00 PM,0.37,517,0.087,-0.018,2.034,39.9,35,18.8
1/30/22 2:15 PM,0.37,513,0.087,-0.038,1.957,38.1,39,18.9
1/30/22 2:30 PM,0.37,495,0.094,-0.044,1.941,37.2,42,19.3
1/30/22 2:45 PM,0.36,496,0.097,-0.037,1.956,37.6,41,19.4
1/30/22 3:00 PM,0.39,506,0.099,-0.03,1.98,38.1,41,19.7
1/30/22 3:15 PM,0.4,494,0.096,-0.031,1.938,36.6,44,19.6
1/30/22 3:30 PM,0.42,515,0.108,-0.034,1.905,35.3,48,20.1
1/30/22 3:45 PM,0.44,552,0.108,-0.04,1.87,34.1,53,20.5
1/30/22 4:00 PM,0.45,540,0.118,-0.037,1.825,32.8,57,20.5
1/30/22 4:15 PM,0.46,543,0.12,-0.041,1.813,32,60,20.8
1/30/22 4:30 PM,0.47,552,0.13,-0.035,1.796,31.4,61,20.5
1/30/22 4:45 PM,0.43,548,0.13,-0.036,1.773,30.6,64,20.5
1/30/22 5:00 PM,0.44,541,0.127,-0.034,1.766,30.3,65,20.2
1/30/22 5:15 PM,0.47,581,0.111,-0.03,1.75,29.6,64,19.2
1/30/22 5:30 PM,0.5,573,0.128,-0.031,1.745,29.1,66,19.4
1/30/22 5:45 PM,0.48,554,0.14,-0.03,1.731,28.9,67,19.5
1/30/22 6:00 PM,0.49,566,0.139,-0.028,1.728,28.6,68,19.3
1/30/22 6:15 PM,0.49,566,0.14,-0.027,1.742,28.7,68,19.4
1/30/22 6:30 PM,0.46,560,0.14,-0.024,1.728,28.6,68,19.4
1/30/22 6:45 PM,0.45,566,0.133,-0.024,1.723,28.6,68,19.4
1/30/22 7:00 PM,0.46,552,0.122,-0.023,1.732,28.7,68,19.4
1/30/22 7:15 PM,0.46,578,0.125,-0.023,1.732,28.7,68,19.4
1/30/22 7:30 PM,0.47,579,0.126,-0.021,1.734,28.8,68,19.6
1/30/22 7:45 PM,0.48,572,0.126,-0.022,1.732,28.6,69,19.6
1/30/22 8:00 PM,0.5,568,0.128,-0.022,1.735,28.6,69,19.7
1/30/22 8:15 PM,0.5,572,0.136,-0.022,1.732,28.6,70,19.8
1/30/22 8:30 PM,0.48,598,0.141,-0.021,1.736,28.6,70,19.9
1/30/22 8:45 PM,0.43,571,0.143,-0.02,1.72,28.5,71,20
1/30/22 9:00 PM,0.41,589,0.118,-0.021,1.708,28.3,71,19.9
1/30/22 9:15 PM,0.41,591,0.099,-0.022,1.691,28.2,71,19.8
1/30/22 9:30 PM,0.42,599,0.096,-0.023,1.692,28,72,19.8
1/30/22 9:45 PM,0.41,580,0.096,-0.022,1.699,27.9,72,19.7
1/30/22 10:00 PM,0.4,596,0.096,-0.022,1.703,27.9,72,19.6
1/30/22 10:15 PM,0.39,582,0.09,-0.021,1.71,27.8,72,19.6
1/30/22 10:30 PM,0.38,598,0.089,-0.021,1.712,27.8,72,19.5
1/30/22 10:45 PM,0.38,594,0.08,-0.022,1.712,27.8,72,19.5
1/30/22 11:00 PM,0.38,580,0.078,-0.021,1.707,27.7,72,19.5
1/30/22 11:15 PM,0.37,589,0.077,-0.021,1.699,27.7,72,19.5
1/30/22 11:30 PM,0.38,592,0.077,-0.021,1.712,27.8,72,19.5
1/30/22 11:45 PM,0.37,605,0.076,-0.021,1.713,27.8,72,19.5
1/31/22 12:00 AM,0.37,583,0.076,-0.022,1.711,27.7,73,19.5
1/31/22 12:15 AM,0.38,604,0.074,-0.022,1.717,27.6,73,19.6
1/31/22 12:30 AM,0.4,648,0.073,-0.022,1.721,27.6,73,19.6
1/31/22 12:45 AM,0.4,640,0.084,-0.022,1.734,27.6,73,19.6
1/31/22 1:00 AM,0.4,637,0.087,-0.022,1.738,27.6,73,19.6
1/31/22 1:15 AM,0.43,624,0.086,-0.022,1.747,27.6,73,19.6
1/31/22 1:30 AM,0.5,624,0.089,-0.021,1.739,27.6,74,19.7
1/31/22 1:45 AM,0.56,621,0.106,-0.02,1.735,27.4,74,19.7
1/31/22 2:00 AM,0.56,640,0.128,-0.02,1.732,27.4,74,19.6
1/31/22 2:15 AM,0.54,640,0.139,-0.02,1.731,27.4,74,19.6
1/31/22 2:30 AM,0.49,656,0.129,-0.021,1.722,27.3,75,19.7
1/31/22 2:45 AM,0.45,659,0.113,-0.021,1.719,27.2,75,19.6
1/31/22 3:00 AM,0.42,639,0.1,-0.023,1.714,27.1,75,19.6
1/31/22 3:15 AM,0.39,651,0.085,-0.023,1.703,27,75,19.5
1/31/22 3:30 AM,0.38,673,0.076,-0.024,1.699,27,76,19.6
1/31/22 3:45 AM,0.37,643,0.068,-0.024,1.703,27,76,19.6
1/31/22 4:00 AM,0.36,655,0.064,-0.025,1.702,27,75,19.5
1/31/22 4:15 AM,0.36,667,0.062,-0.023,1.701,27,75,19.5
1/31/22 4:30 AM,0.36,641,0.06,-0.024,1.698,26.9,76,19.6
1/31/22 4:45 AM,0.36,666,0.061,-0.025,1.705,26.8,76,19.5
1/31/22 5:00 AM,0.35,660,0.062,-0.023,1.713,26.9,75,19.4
1/31/22 5:15 AM,0.35,664,0.061,-0.023,1.712,26.9,75,19.3
1/31/22 5:30 AM,0.35,649,0.06,-0.023,1.718,26.9,75,19.4
1/31/22 5:45 AM,0.35,651,0.058,-0.023,1.722,27,75,19.4
1/31/22 6:00 AM,0.35,643,0.057,-0.023,1.722,27,75,19.4
1/31/22 6:15 AM,0.35,657,0.058,-0.022,1.716,27,75,19.4
1/31/22 6:30 AM,0.36,645,0.059,-0.024,1.725,26.9,75,19.4
1/31/22 6:45 AM,0.36,641,0.06,-0.023,1.725,27,75,19.4
1/31/22 7:00 AM,0.37,623,0.065,-0.023,1.727,27,75,19.4
1/31/22 7:15 AM,0.38,630,0.066,-0.024,1.724,27.1,74,19.3
1/31/22 7:30 AM,0.38,625,0.07,-0.024,1.727,27.2,74,19.4
1/31/22 7:45 AM,0.39,603,0.076,-0.023,1.747,27.7,73,19.5
1/31/22 8:00 AM,0.38,572,0.087,-0.023,1.784,29.2,68,19.9
1/31/22 8:15 AM,0.37,580,0.081,-0.02,1.8,30,64,19.8
1/31/22 8:30 AM,0.35,563,0.074,-0.019,1.806,30.5,62,19.7
1/31/22 8:45 AM,0.35,559,0.066,-0.017,1.812,31,61,19.7
1/31/22 9:00 AM,0.33,561,0.058,-0.016,1.801,30.8,61,19.6
1/31/22 9:15 AM,0.31,537,0.055,-0.019,1.8,30.6,61,19.6
1/31/22 9:30 AM,0.31,544,0.041,-0.021,1.792,30.7,60,19.4
1/31/22 9:45 AM,0.33,542,0.04,-0.021,1.812,31,59,19.2
1/31/22 10:00 AM,0.32,537,0.048,-0.022,1.819,31.6,57,19.3
1/31/22 10:15 AM,0.31,522,0.054,-0.021,1.853,32.6,54,19.4
1/31/22 10:30 AM,0.29,534,0.045,-0.016,1.854,33.1,52,19
1/31/22 10:45 AM,0.29,530,0.032,-0.019,1.861,33.4,50,18.6
1/31/22 11:00 AM,0.29,520,0.03,-0.019,1.887,34.4,47,18.7
1/31/22 11:15 AM,0.27,515,0.032,-0.019,1.925,35.8,44,19
1/31/22 11:30 AM,0.28,515,0.026,-0.01,1.956,36.9,41,18.6
1/31/22 11:45 AM,0.28,506,0.021,-0.013,1.964,36.9,41,18.5
1/31/22 12:00 PM,0.29,528,0.017,-0.016,1.942,36.3,41,17.9
1/31/22 12:15 PM,0.29,498,0.019,-0.023,1.928,35.9,42,18
2002/8/22 14:15,0.3,513,0.117,-0.067,1.49,30.1,60,18.5
2002/8/22 14:30,0.3,514,0.084,-0.046,1.796,35.5,48,20.1
2002/8/22 14:45,0.3,522,0.067,-0.025,1.942,38,42,20.1
2002/8/22 15:00,0.3,537,0.052,-0.017,1.953,38.7,40,19.9
2002/8/22 15:15,0.3,508,0.041,-0.015,1.937,38.2,40,19.4
2002/8/22 15:30,0.3,511,0.036,-0.021,1.882,37.5,41,19.2
2002/8/22 15:45,0.33,536,0.035,-0.027,1.885,37.6,40,19
2002/8/22 16:00,0.36,540,0.036,-0.023,1.866,37,42,19
2002/8/22 16:15,0.36,540,0.046,-0.029,1.834,36.3,44,19.4
2002/8/22 16:30,0.37,539,0.072,-0.029,1.838,36,45,19.6
2002/8/22 16:45,0.38,544,0.062,-0.034,1.796,34.7,48,19.4
2002/8/22 17:00,0.41,551,0.069,-0.035,1.754,33.3,52,19.3
2002/8/22 17:15,0.43,573,0.072,-0.036,1.74,32.7,53,19
2002/8/22 17:30,0.4,550,0.088,-0.035,1.735,32.5,53,18.9
2002/8/22 17:45,0.45,561,0.106,-0.032,1.778,32.5,54,19.2
2002/8/22 18:00,0.41,595,0.095,-0.03,1.802,32.7,53,19.1
2002/8/22 18:15,0.41,587,0.11,-0.029,1.767,32.8,53,19.1
2002/8/22 18:30,0.42,562,0.1,-0.028,1.771,32.8,53,19.2
2002/8/22 18:45,0.42,563,0.093,-0.029,1.762,32.8,53,19.2
2002/8/22 19:00,0.44,559,0.101,-0.028,1.774,33,53,19.3
2002/8/22 19:15,0.47,580,0.1,-0.026,1.757,32.9,53,19.2
2002/8/22 19:30,0.49,582,0.113,-0.025,1.758,32.9,53,19.3
2002/8/22 19:45,0.46,599,0.121,-0.025,1.758,32.7,54,19.3
2002/8/22 20:00,0.47,611,0.135,-0.027,1.765,32.6,54,19.4
2002/8/22 20:15,0.49,583,0.123,-0.029,1.756,32.5,55,19.6
2002/8/22 20:30,0.52,582,0.126,-0.027,1.756,32.5,55,19.5
2002/8/22 20:45,0.51,582,0.128,-0.026,1.754,32.5,55,19.5
2002/8/22 21:00,0.55,603,0.147,-0.023,1.761,32.5,55,19.6
2002/8/22 21:15,0.53,596,0.144,-0.025,1.756,32.5,55,19.6
2002/8/22 21:30,0.5,588,0.16,-0.024,1.757,32.5,56,19.8
2002/8/22 21:45,0.48,603,0.152,-0.024,1.755,32.4,56,19.8
2002/8/22 22:00,0.44,596,0.138,-0.027,1.745,32.4,56,19.9
2002/8/22 22:15,0.43,584,0.131,-0.027,1.751,32.2,57,19.9
2002/8/22 22:30,0.41,583,0.109,-0.026,1.738,31.9,57,19.6
2002/8/22 22:45,0.41,598,0.101,-0.027,1.727,31.7,57,19.4
2002/8/22 23:00,0.41,581,0.094,-0.026,1.732,31.7,57,19.3
2002/8/22 23:15,0.43,581,0.091,-0.026,1.722,31.4,57,19.1
2002/8/22 23:30,0.41,577,0.094,-0.026,1.718,31.4,57,19.1
2002/8/22 23:45,0.4,597,0.1,-0.026,1.719,31.2,58,19.1
2002/9/22 00:00,0.41,574,0.092,-0.026,1.717,30.9,58,18.8
2002/9/22 00:15,0.42,563,0.082,-0.026,1.705,30.8,58,18.7
2002/9/22 00:30,0.44,566,0.088,-0.025,1.705,30.8,58,18.7
2002/9/22 00:45,0.44,596,0.095,-0.027,1.703,30.8,58,18.6
2002/9/22 01:00,0.43,582,0.1,-0.026,1.707,30.8,57,18.4
2002/9/22 01:15,0.42,570,0.103,-0.027,1.708,30.8,57,18.4
2002/9/22 01:30,0.41,585,0.098,-0.026,1.672,30.6,58,18.5
2002/9/22 01:45,0.4,568,0.091,-0.027,1.694,30.4,59,18.4
2002/9/22 02:00,0.37,577,0.089,-0.027,1.695,30.3,59,18.5
2002/9/22 02:15,0.36,602,0.082,-0.027,1.69,30.3,59,18.5
2002/9/22 02:30,0.37,566,0.068,-0.028,1.687,30.4,59,18.6
2002/9/22 02:45,0.37,595,0.065,-0.028,1.691,30.4,59,18.6
2002/9/22 03:00,0.38,566,0.064,-0.028,1.687,30.3,59,18.5
2002/9/22 03:15,0.37,576,0.07,-0.028,1.693,30.5,58,18.5
2002/9/22 03:30,0.35,569,0.07,-0.028,1.695,30.5,58,18.4
2002/9/22 03:45,0.35,569,0.064,-0.027,1.691,30.3,59,18.4
2002/9/22 04:00,0.35,576,0.059,-0.028,1.688,30.2,59,18.5
2002/9/22 04:15,0.34,570,0.058,-0.028,1.688,30.2,59,18.5
2002/9/22 04:30,0.34,577,0.059,-0.028,1.693,30.4,59,18.5
2002/9/22 04:45,0.33,572,0.056,-0.028,1.697,30.6,58,18.5
2002/9/22 05:00,0.34,578,0.051,-0.028,1.698,30.3,59,18.4
2002/9/22 05:15,0.37,612,0.049,-0.028,1.698,30.3,59,18.5
2002/9/22 05:30,0.35,603,0.056,-0.029,1.705,30.5,58,18.5
2002/9/22 05:45,0.37,603,0.065,-0.027,1.709,30.4,58,18.5
2002/9/22 06:00,0.36,615,0.063,-0.028,1.709,30.6,58,18.5
2002/9/22 06:15,0.37,593,0.068,-0.026,1.716,30.6,58,18.5
2002/9/22 06:30,0.4,607,0.063,-0.028,1.709,30.5,58,18.5
2002/9/22 06:45,0.43,607,0.069,-0.027,1.709,30.5,59,18.6
2002/9/22 07:00,0.45,600,0.084,-0.028,1.725,31,57,18.7
2002/9/22 07:15,0.46,647,0.096,-0.028,1.74,31.3,57,18.9
2002/9/22 07:30,0.45,626,0.111,-0.026,1.749,31.5,56,18.8
2002/9/22 07:45,0.43,596,0.114,-0.025,1.75,31.3,57,18.9
2002/9/22 08:00,0.4,596,0.108,-0.026,1.748,31.6,56,18.9
2002/9/22 08:15,0.4,586,0.099,-0.026,1.761,32,55,19.1
2002/9/22 08:30,0.39,611,0.085,-0.026,1.774,32.4,54,19.1
2002/9/22 08:45,0.39,554,0.089,-0.027,1.786,33.2,52,19.3
2002/9/22 09:00,0.38,555,0.083,-0.025,1.809,33.9,50,19.4
2002/9/22 09:15,0.36,550,0.081,-0.025,1.839,34.5,49,19.4
2002/9/22 09:30,0.33,544,0.075,-0.024,1.898,35.7,46,19.6
2002/9/22 09:45,0.34,542,0.069,-0.02,1.912,36.6,44,19.7
2002/9/22 10:00,0.35,548,0.05,-0.018,1.911,36.8,43,19.3
2002/9/22 10:15,0.34,552,0.046,-0.023,1.9,36.8,43,19.3
2002/9/22 10:30,0.32,523,0.051,-0.023,1.893,36.9,42,19.2
2002/9/22 10:45,0.32,514,0.053,-0.026,1.903,37.4,42,19.4
2002/9/22 11:00,0.32,522,0.042,-0.023,1.913,37.6,40,19
2002/9/22 11:15,0.3,505,0.036,-0.027,1.876,36.5,42,18.6
2002/9/22 11:30,0.28,518,0.035,-0.034,1.863,36.9,41,18.7
2002/9/22 11:45,0.28,564,0.037,-0.031,1.939,39,38,19.1
2002/9/22 12:00,0.28,529,0.025,-0.021,1.905,39.8,36,19.1
2002/9/22 12:15,0.3,529,0.021,-0.021,1.912,40.1,35,18.9
2002/9/22 12:30,0.32,538,0.02,-0.02,1.851,38.2,38,18.8
2002/9/22 12:45,0.35,530,0.026,-0.036,1.806,36.7,42,18.8
2002/9/22 13:00,0.36,543,0.042,-0.04,1.794,36.7,42,19.1
2002/9/22 13:15,0.34,526,0.064,-0.039,1.779,36.3,45,20
2002/9/22 13:30,0.35,538,0.066,-0.047,1.791,36.4,47,20.6
2002/9/22 13:45,0.35,535,0.068,-0.041,1.837,38.1,43,20.7
2002/9/22 14:00,0.37,563,0.073,-0.024,1.846,38.7,40,20.1
2002/9/22 14:15,0.36,567,0.064,-0.034,1.812,37.5,42,19.8
2002/9/22 14:30,0.35,530,0.073,-0.034,1.813,37.2,43,19.8
2002/9/22 14:45,0.34,544,0.067,-0.032,1.769,36.6,43,19.4
2002/9/22 15:00,0.36,587,0.063,-0.035,1.753,35.4,46,19.4
2002/9/22 15:15,0.39,616,0.062,-0.033,1.67,31.9,60,20.6
2002/9/22 15:30,0.36,624,0.059,-0.044,1.623,29.9,65,19.9
2002/9/22 15:45,0.38,651,0.076,-0.044,1.62,29.8,66,20
2002/9/22 16:00,0.38,668,0.067,-0.041,1.603,29.6,66,19.9
2002/9/22 16:15,0.38,694,0.08,-0.037,1.61,29.8,66,20.1
2002/9/22 16:30,0.37,695,0.085,-0.035,1.621,29.9,67,20.4
2002/9/22 16:45,0.37,680,0.085,-0.033,1.624,30,66,20.5
2002/9/22 17:00,0.38,634,0.077,-0.032,1.626,30,66,20.4
2002/9/22 17:15,0.37,616,0.078,-0.031,1.634,30.4,65,20.7
2002/9/22 17:30,0.39,599,0.082,-0.027,1.65,30.3,64,20.2
2002/9/22 17:45,0.41,592,0.078,-0.029,1.655,30.7,64,20.6
2002/9/22 18:00,0.42,593,0.092,-0.028,1.68,31.8,62,21.3
2002/9/22 18:15,0.43,622,0.105,-0.024,1.723,32.8,61,21.8
2002/9/22 18:30,0.4,602,0.104,-0.02,1.723,32.6,59,21.2
2002/9/22 18:45,0.41,625,0.106,-0.02,1.708,31.9,60,20.7
2002/9/22 19:00,0.41,621,0.089,-0.023,1.689,31.6,61,20.6
2002/9/22 19:15,0.42,673,0.094,-0.025,1.683,31.5,61,20.5
2002/9/22 19:30,0.45,679,0.093,-0.024,1.674,31,62,20.2
2002/9/22 19:45,0.45,707,0.094,-0.024,1.65,30.1,65,20
2002/9/22 20:00,0.4,715,0.103,-0.026,1.638,29.7,66,20
2002/9/22 20:15,0.4,715,0.109,-0.027,1.632,29.8,66,20.1
2002/9/22 20:30,0.4,784,0.089,-0.026,1.629,29.5,66,19.8
2002/9/22 20:45,0.39,772,0.085,-0.026,1.622,29.4,66,19.8
2002/9/22 21:00,0.4,798,0.089,-0.025,1.626,29.2,68,20
2002/9/22 21:15,0.39,804,0.084,-0.025,1.618,29.3,67,19.9
2002/9/22 21:30,0.39,809,0.091,-0.025,1.634,29.7,66,20.1
2002/9/22 21:45,0.39,793,0.086,-0.024,1.636,29.8,66,20.1
2002/9/22 22:00,0.39,776,0.087,-0.024,1.64,29.8,66,20
2002/9/22 22:15,0.41,783,0.087,-0.023,1.648,30.1,64,20
2002/9/22 22:30,0.43,790,0.089,-0.022,1.657,30.3,64,20.1
2002/9/22 22:45,0.42,784,0.094,-0.022,1.659,30.3,64,20.1
2002/9/22 23:00,0.42,767,0.102,-0.023,1.661,30.4,64,20.1
2002/9/22 23:15,0.42,787,0.103,-0.024,1.674,30.7,63,20.2
2002/9/22 23:30,0.42,781,0.102,-0.022,1.675,30.8,63,20.2
2002/9/22 23:45,0.41,795,0.101,-0.023,1.67,30.7,63,20.3
2002/10/22 00:00,0.4,789,0.099,-0.023,1.67,30.9,62,20.2
2002/10/22 00:15,0.41,791,0.098,-0.024,1.669,30.9,62,20.3
2002/10/22 00:30,0.41,799,0.095,-0.024,1.671,31.2,61,20.2
2002/10/22 00:45,0.4,802,0.095,-0.025,1.677,31.2,61,20.2
2002/10/22 01:00,0.39,810,0.097,-0.024,1.67,31.1,62,20.3
2002/10/22 01:15,0.4,814,0.093,-0.026,1.669,31.1,62,20.2
2002/10/22 01:30,0.36,803,0.088,-0.026,1.668,31.1,61,20.1
2002/10/22 01:45,0.36,767,0.089,-0.025,1.664,30.8,62,20
2002/10/22 02:00,0.35,770,0.07,-0.024,1.651,30.6,62,19.8
2002/10/22 02:15,0.35,781,0.063,-0.025,1.652,30.4,62,19.6
2002/10/22 02:30,0.34,789,0.062,-0.026,1.652,30.2,63,19.7
2002/10/22 02:45,0.35,802,0.065,-0.027,1.655,30.3,63,19.7
2002/10/22 03:00,0.35,810,0.061,-0.028,1.654,30.5,62,19.7
2002/10/22 03:15,0.34,821,0.063,-0.027,1.655,30.8,61,19.8
2002/10/22 03:30,0.31,834,0.061,-0.027,1.652,30.7,61,19.6
2002/10/22 03:45,0.32,858,0.061,-0.028,1.653,30.7,61,19.6
2002/10/22 04:00,0.33,859,0.055,-0.028,1.65,30.8,61,19.7
2002/10/22 04:15,0.35,875,0.05,-0.028,1.656,30.8,61,19.7
2002/10/22 04:30,0.35,888,0.056,-0.027,1.661,30.8,61,19.8
2002/10/22 04:45,0.34,895,0.062,-0.026,1.662,30.7,61,19.6
2002/10/22 05:00,0.33,902,0.066,-0.026,1.662,30.6,61,19.5
2002/10/22 05:15,0.33,907,0.063,-0.028,1.661,30.6,61,19.5
2002/10/22 05:30,0.33,910,0.057,-0.027,1.649,30.5,62,19.5
2002/10/22 05:45,0.34,899,0.056,-0.027,1.646,30.3,62,19.5
2002/10/22 06:00,0.36,929,0.055,-0.029,1.649,30.4,62,19.6
2002/10/22 06:15,0.34,934,0.058,-0.027,1.657,30.7,61,19.7
2002/10/22 06:30,0.34,924,0.067,-0.025,1.653,30.1,63,19.5
2002/10/22 06:45,0.37,937,0.057,-0.025,1.635,29.6,64,19.4
2002/10/22 07:00,0.38,943,0.055,-0.027,1.62,29.2,66,19.4
2002/10/22 07:15,0.4,934,0.069,-0.026,1.632,29.3,65,19.4
2002/10/22 07:30,0.4,936,0.076,-0.027,1.63,29.7,64,19.4
2002/10/22 07:45,0.4,919,0.086,-0.025,1.644,30.1,63,19.5
2002/10/22 08:00,0.36,886,0.088,-0.024,1.649,30.1,62,19.4
2002/10/22 08:15,0.36,880,0.086,-0.024,1.65,30.1,62,19.3
2002/10/22 08:30,0.38,877,0.069,-0.024,1.643,29.9,63,19.3
2002/10/22 08:45,0.39,876,0.064,-0.025,1.645,29.8,63,19.3
2002/10/22 09:00,0.37,878,0.076,-0.026,1.654,30.3,62,19.4
2002/10/22 09:15,0.36,871,0.081,-0.025,1.663,30.6,62,19.6
2002/10/22 09:30,0.37,865,0.078,-0.026,1.669,30.8,61,19.6
2002/10/22 09:45,0.38,854,0.069,-0.025,1.663,30.9,60,19.5
2002/10/22 10:00,0.37,839,0.067,-0.025,1.665,30.8,60,19.4
2002/10/22 10:15,0.38,825,0.073,-0.026,1.672,30.8,60,19.4
2002/10/22 10:30,0.35,808,0.067,-0.025,1.671,30.8,60,19.4
2002/10/22 10:45,0.33,788,0.075,-0.028,1.667,30.9,60,19.6
2002/10/22 11:00,0.31,742,0.057,-0.028,1.664,31.3,60,19.8
2002/10/22 11:15,0.3,682,0.052,-0.027,1.671,31.6,59,19.8
2002/10/22 11:30,0.29,622,0.045,-0.025,1.677,32,57,19.8
2002/10/22 11:45,0.29,588,0.041,-0.025,1.679,32.4,56,19.8
2002/10/22 12:00,0.29,583,0.035,-0.026,1.688,32.7,54,19.6
2002/10/22 12:15,0.3,582,0.033,-0.023,1.695,33,53,19.4
2002/10/22 12:30,0.29,560,0.038,-0.025,1.701,33.3,53,19.7
2002/10/22 12:45,0.29,544,0.039,-0.022,1.709,33.5,52,19.4
2002/10/22 13:00,0.29,552,0.036,-0.025,1.717,33.5,52,19.4
2002/10/22 13:15,0.3,556,0.037,-0.024,1.706,33.3,52,19.4
2002/10/22 13:30,0.29,559,0.038,-0.024,1.715,33.6,51,19.3
2002/10/22 13:45,0.31,566,0.041,-0.023,1.72,33.4,51,19.1
2002/10/22 14:00,0.33,586,0.035,-0.023,1.695,32.5,54,19.2
2002/10/22 14:15,0.35,596,0.04,-0.027,1.675,32,56,19.4
2002/10/22 14:30,0.35,603,0.05,-0.03,1.673,31.8,57,19.4
2002/10/22 14:45,0.35,603,0.062,-0.029,1.688,32.1,57,19.8
2002/10/22 15:00,0.36,614,0.065,-0.027,1.673,32,57,19.8
2002/10/22 15:15,0.37,626,0.064,-0.027,1.68,31.9,58,19.8
2002/10/22 15:30,0.38,634,0.064,-0.026,1.663,31.2,59,19.4
2002/10/22 15:45,0.39,637,0.067,-0.027,1.65,30.6,61,19.3
2002/10/22 16:00,0.37,607,0.077,-0.028,1.649,30.6,61,19.5
2002/10/22 16:15,0.38,623,0.085,-0.027,1.653,30.7,61,19.5
2002/10/22 16:30,0.38,622,0.071,-0.027,1.651,30.9,60,19.4
2002/10/22 16:45,0.38,614,0.076,-0.025,1.655,31,59,19.3
2002/10/22 17:00,0.39,625,0.086,-0.025,1.657,31.1,59,19.5
2002/10/22 17:15,0.39,631,0.078,-0.025,1.658,30.9,59,19.2
2002/10/22 17:30,0.4,653,0.079,-0.024,1.64,30.2,61,19.1
2002/10/22 17:45,0.4,662,0.076,-0.026,1.64,30.1,61,19
2002/10/22 18:00,0.39,677,0.092,-0.026,1.647,30.4,61,19.3
2002/10/22 18:15,0.37,672,0.089,-0.024,1.647,30.3,61,19.2
2002/10/22 18:30,0.37,676,0.083,-0.025,1.639,30.2,61,19
2002/10/22 18:45,0.39,682,0.075,-0.025,1.63,29.9,62,19
2002/10/22 19:00,0.4,698,0.072,-0.025,1.631,29.9,62,18.8
2002/10/22 19:15,0.4,704,0.082,-0.025,1.626,29.9,61,18.7
2002/10/22 19:30,0.4,700,0.092,-0.024,1.629,29.8,62,18.8
2002/10/22 19:45,0.4,686,0.086,-0.025,1.623,29.7,62,18.6
2002/10/22 20:00,0.44,696,0.091,-0.026,1.635,30,61,18.6
2002/10/22 20:15,0.42,687,0.085,-0.023,1.63,29.8,60,18.3
2002/10/22 20:30,0.42,675,0.105,-0.025,1.637,29.8,61,18.5
2002/10/22 20:45,0.42,644,0.098,-0.024,1.634,29.4,61,18.2
2002/10/22 21:00,0.4,652,0.098,-0.024,1.624,29.2,61,18
2002/10/22 21:15,0.39,631,0.095,-0.024,1.62,29.1,61,17.8
2002/10/22 21:30,0.4,619,0.087,-0.024,1.614,29.2,60,17.7
2002/10/22 21:45,0.42,635,0.079,-0.023,1.626,29.2,60,17.7
2002/10/22 22:00,0.42,648,0.089,-0.024,1.618,29.3,60,17.7
2002/10/22 22:15,0.42,631,0.093,-0.023,1.628,29.3,60,17.7
2002/10/22 22:30,0.39,609,0.094,-0.023,1.618,29,61,17.7
2002/10/22 22:45,0.38,595,0.092,-0.024,1.619,29,61,17.7
2002/10/22 23:00,0.37,587,0.078,-0.023,1.611,28.8,61,17.5
2002/10/22 23:15,0.37,589,0.071,-0.024,1.606,28.8,60,17.3
2002/10/22 23:30,0.36,582,0.069,-0.024,1.609,28.6,60,17.1
2002/10/22 23:45,0.35,591,0.067,-0.024,1.599,28.6,60,17
2002/11/22 00:00,0.35,590,0.063,-0.024,1.604,28.5,61,17.3
2002/11/22 00:15,0.34,627,0.06,-0.025,1.6,28.6,61,17.3
2002/11/22 00:30,0.33,616,0.058,-0.025,1.604,28.6,61,17.3
2002/11/22 00:45,0.34,604,0.054,-0.026,1.6,28.6,61,17.3
2002/11/22 01:00,0.34,623,0.054,-0.025,1.601,28.6,61,17.4
2002/11/22 01:15,0.33,626,0.055,-0.025,1.6,28.5,61,17.3
2002/11/22 01:30,0.32,607,0.055,-0.025,1.601,28.5,61,17.3
2002/11/22 01:45,0.32,607,0.05,-0.025,1.598,28.7,61,17.3
2002/11/22 02:00,0.32,615,0.048,-0.024,1.606,28.9,60,17.3
2002/11/22 02:15,0.31,586,0.046,-0.024,1.607,28.8,59,17.1
2002/11/22 02:30,0.31,615,0.044,-0.025,1.605,28.7,60,17.1
2002/11/22 02:45,0.31,614,0.042,-0.025,1.604,28.8,59,17
2002/11/22 03:00,0.31,603,0.042,-0.026,1.601,28.7,59,16.9
2002/11/22 03:15,0.32,593,0.041,-0.026,1.604,28.8,59,17
2002/11/22 03:30,0.31,602,0.043,-0.026,1.604,28.9,59,17.1
2002/11/22 03:45,0.31,588,0.043,-0.025,1.604,28.8,59,17
2002/11/22 04:00,0.31,594,0.041,-0.026,1.601,28.8,59,16.9
2002/11/22 04:15,0.32,590,0.042,-0.025,1.605,28.9,59,16.9
2002/11/22 04:30,0.33,597,0.042,-0.024,1.61,29,58,16.9
2002/11/22 04:45,0.32,584,0.045,-0.025,1.611,29.1,58,16.9
2002/11/22 05:00,0.31,592,0.051,-0.024,1.611,28.9,59,17
2002/11/22 05:15,0.31,602,0.047,-0.024,1.607,28.8,59,17
2002/11/22 05:30,0.31,607,0.043,-0.024,1.605,28.7,59,16.9
2002/11/22 05:45,0.32,598,0.041,-0.025,1.603,28.8,59,17
2002/11/22 06:00,0.33,607,0.042,-0.026,1.602,28.6,60,17.1
2002/11/22 06:15,0.36,604,0.047,-0.024,1.617,28.8,60,17.2
2002/11/22 06:30,0.37,607,0.051,-0.025,1.616,28.8,60,17.2
2002/11/22 06:45,0.37,636,0.063,-0.023,1.62,28.6,60,17.1
2002/11/22 07:00,0.41,604,0.067,-0.024,1.61,28.4,60,16.9
2002/11/22 07:15,0.4,604,0.068,-0.024,1.615,28.6,60,17.1
2002/11/22 07:30,0.4,591,0.089,-0.023,1.627,28.8,60,17.2
2002/11/22 07:45,0.38,590,0.088,-0.022,1.63,29,59,17.1
2002/11/22 08:00,0.38,566,0.087,-0.022,1.63,29,59,17.2
2002/11/22 08:15,0.38,602,0.078,-0.023,1.624,29.2,58,17.2
2002/11/22 08:30,0.37,579,0.073,-0.023,1.623,29.5,58,17.3
2002/11/22 08:45,0.37,573,0.074,-0.022,1.641,30,56,17.4
2002/11/22 09:00,0.38,545,0.074,-0.021,1.653,30.4,55,17.4
2002/11/22 09:15,0.38,551,0.073,-0.021,1.655,30.6,55,17.5
2002/11/22 09:30,0.38,550,0.077,-0.02,1.663,31,54,17.6
2002/11/22 09:45,0.37,532,0.077,-0.021,1.664,31.1,54,17.7
2002/11/22 10:00,0.34,535,0.075,-0.022,1.672,31.6,52,17.8
2002/11/22 10:15,0.33,555,0.07,-0.022,1.683,32.3,51,17.9
2002/11/22 10:30,0.33,516,0.057,-0.02,1.68,33,48,17.7
2002/11/22 10:45,0.33,544,0.05,-0.019,1.701,33.5,47,17.6
2002/11/22 11:00,0.32,536,0.054,-0.019,1.731,34.2,46,18
2002/11/22 11:15,0.33,533,0.05,-0.019,1.734,34.2,46,18
2002/11/22 11:30,0.33,553,0.047,-0.02,1.739,34.1,46,17.9
2002/11/22 11:45,0.33,538,0.051,-0.021,1.755,34.3,46,18.1
2002/11/22 12:00,0.32,553,0.052,-0.024,1.741,34.6,46,18.2
2002/11/22 12:15,0.32,527,0.056,-0.024,1.765,35.4,44,18.5
2002/11/22 12:30,0.31,521,0.055,-0.023,1.793,36.3,43,18.7
2002/11/22 12:45,0.3,529,0.052,-0.022,1.808,36.9,41,18.8
2002/11/22 13:00,0.3,529,0.043,-0.02,1.798,36.8,41,18.5
2002/11/22 13:15,0.31,531,0.035,-0.022,1.778,36.1,42,18.1
2002/11/22 13:30,0.3,507,0.033,-0.025,1.769,35.8,42,17.8
2002/11/22 13:45,0.3,498,0.04,-0.028,1.78,36.4,41,18.1
2002/11/22 14:00,0.31,533,0.039,-0.023,1.79,36.8,40,18.1
2002/11/22 14:15,0.31,539,0.038,-0.023,1.783,36.7,40,18.2
2002/11/22 14:30,0.3,511,0.041,-0.025,1.77,36.3,42,18.3
2002/11/22 14:45,0.31,511,0.041,-0.028,1.763,36.1,42,18.4
2002/11/22 15:00,0.31,522,0.041,-0.029,1.76,36.1,42,18.1
2002/11/22 15:15,0.3,521,0.049,-0.028,1.784,36.9,40,18.4
2002/11/22 15:30,0.31,503,0.048,-0.025,1.781,36.8,40,18.3
2002/11/22 15:45,0.32,536,0.042,-0.025,1.764,36.2,41,18.1
2002/11/22 16:00,0.33,522,0.048,-0.029,1.766,36,42,18.2
2002/11/22 16:15,0.36,526,0.053,-0.029,1.764,36.2,42,18.3
2002/11/22 16:30,0.37,552,0.064,-0.027,1.752,35.7,45,19.2
2002/11/22 16:45,0.37,567,0.074,-0.031,1.706,33.3,53,19.8
2002/11/22 17:00,0.37,582,0.077,-0.037,1.685,32.8,55,19.9
2002/11/22 17:15,0.39,603,0.079,-0.038,1.672,32.4,57,20.2
2002/11/22 17:30,0.38,613,0.082,-0.036,1.678,32.5,57,20.3
2002/11/22 17:45,0.39,616,0.091,-0.035,1.685,32.7,57,20.5
2002/11/22 18:00,0.43,618,0.092,-0.031,1.687,32.6,57,20.5
2002/11/22 18:15,0.44,631,0.092,-0.029,1.693,32.9,56,20.4
2002/11/22 18:30,0.44,636,0.112,-0.026,1.689,32.6,56,20.2
2002/11/22 18:45,0.34,613,0.111,-0.026,1.671,32.1,57,20
2002/11/22 19:00,0.34,618,0.104,-0.025,1.653,30.8,61,19.5
2002/11/22 19:15,0.34,652,0.059,-0.028,1.597,29.2,63,18.7
2002/11/22 19:30,0.35,662,0.06,-0.028,1.597,28.8,65,18.6
2002/11/22 19:45,0.36,663,0.063,-0.029,1.579,28.3,67,18.7
2002/11/22 20:00,0.36,661,0.07,-0.028,1.581,28.7,66,18.9
2002/11/22 20:15,0.37,659,0.075,-0.026,1.603,29,65,18.9
2002/11/22 20:30,0.38,660,0.078,-0.024,1.607,29.4,63,18.9
2002/11/22 20:45,0.38,660,0.085,-0.023,1.615,29.7,62,18.9
2002/11/22 21:00,0.39,658,0.088,-0.023,1.622,29.9,62,19
2002/11/22 21:15,0.4,658,0.087,-0.023,1.632,30.2,61,19
2002/11/22 21:30,0.43,665,0.091,-0.023,1.638,30.3,61,19
2002/11/22 21:45,0.44,665,0.096,-0.021,1.639,30.4,60,18.9
2002/11/22 22:00,0.43,674,0.104,-0.02,1.636,30.3,60,18.9
2002/11/22 22:15,0.42,649,0.112,-0.021,1.64,30.3,61,19
2002/11/22 22:30,0.43,671,0.106,-0.021,1.63,30.1,61,19
2002/11/22 22:45,0.45,648,0.1,-0.022,1.632,30.3,60,19
2002/11/22 23:00,0.47,649,0.105,-0.021,1.642,30.3,60,18.9
2002/11/22 23:15,0.43,644,0.113,-0.02,1.645,30.1,61,18.9
2002/11/22 23:30,0.41,623,0.12,-0.021,1.639,30.1,61,18.9
2002/11/22 23:45,0.38,638,0.106,-0.021,1.633,30.1,61,18.8
2002/12/22 00:00,0.38,627,0.101,-0.023,1.647,30.7,59,19
2002/12/22 00:15,0.37,607,0.085,-0.022,1.641,30.5,59,18.8
2002/12/22 00:30,0.37,615,0.08,-0.023,1.633,30.2,60,18.7
2002/12/22 00:45,0.37,614,0.077,-0.023,1.637,30.2,60,18.7
2002/12/22 01:00,0.37,636,0.074,-0.023,1.647,30.5,59,18.8
2002/12/22 01:15,0.37,643,0.075,-0.025,1.639,30.4,60,18.8
2002/12/22 01:30,0.37,619,0.077,-0.024,1.644,30.7,59,18.9
2002/12/22 01:45,0.37,609,0.074,-0.023,1.639,30.6,59,18.9
2002/12/22 02:00,0.37,610,0.075,-0.023,1.639,30.6,59,18.7
2002/12/22 02:15,0.37,603,0.079,-0.024,1.634,30.7,58,18.6
2002/12/22 02:30,0.36,611,0.077,-0.023,1.639,30.6,58,18.6
2002/12/22 02:45,0.35,621,0.071,-0.024,1.64,30.3,59,18.5
2002/12/22 03:00,0.34,615,0.073,-0.025,1.643,30.6,58,18.5
2002/12/22 03:15,0.34,614,0.07,-0.025,1.637,30.6,58,18.5
2002/12/22 03:30,0.34,629,0.064,-0.025,1.633,30.5,58,18.4
2002/12/22 03:45,0.34,613,0.059,-0.025,1.636,30.2,59,18.4
2002/12/22 04:00,0.33,627,0.058,-0.025,1.628,30.2,59,18.4
2002/12/22 04:15,0.33,607,0.059,-0.025,1.632,30.4,59,18.5
2002/12/22 04:30,0.33,612,0.058,-0.026,1.633,30.4,59,18.6
2002/12/22 04:45,0.32,588,0.056,-0.023,1.63,30,59,18.2
2002/12/22 05:00,0.33,588,0.049,-0.025,1.618,29.7,59,17.9
2002/12/22 05:15,0.34,602,0.046,-0.025,1.615,29.6,59,17.8
2002/12/22 05:30,0.34,615,0.054,-0.024,1.631,29.8,59,18
2002/12/22 05:45,0.35,630,0.057,-0.024,1.623,29.7,59,17.9
2002/12/22 06:00,0.35,591,0.057,-0.023,1.625,29.3,61,18
2002/12/22 06:15,0.34,576,0.063,-0.024,1.623,29.2,61,17.9
2002/12/22 06:30,0.35,577,0.061,-0.024,1.619,29.1,60,17.7
2002/12/22 06:45,0.36,573,0.057,-0.024,1.615,29.1,60,17.4
2002/12/22 07:00,0.36,584,0.062,-0.024,1.622,29.3,59,17.4
2002/12/22 07:15,0.37,567,0.065,-0.023,1.626,29.4,58,17.3
2002/12/22 07:30,0.38,562,0.063,-0.023,1.621,29.3,58,17.2
2002/12/22 07:45,0.38,565,0.069,-0.024,1.626,29.4,58,17.3
2002/12/22 08:00,0.39,563,0.075,-0.024,1.637,29.8,58,17.6
2002/12/22 08:15,0.38,565,0.075,-0.023,1.653,30.5,56,17.7
2002/12/22 08:30,0.34,536,0.081,-0.024,1.678,31.7,53,18
2002/12/22 08:45,0.34,533,0.081,-0.023,1.713,33.3,49,18.3
2002/12/22 09:00,0.35,523,0.066,-0.02,1.75,34.9,45,18.3
2002/12/22 09:15,0.33,522,0.061,-0.015,1.781,36.1,42,18.2
2002/12/22 09:30,0.31,524,0.067,-0.016,1.881,37.8,39,18.9
2002/12/22 09:45,0.32,533,0.056,-0.012,1.946,39.2,36,18.7
2002/12/22 10:00,0.33,565,0.041,-0.008,1.958,39.7,35,18.5
2002/12/22 10:15,0.33,522,0.039,-0.011,1.914,39.9,34,18.2
2002/12/22 10:30,0.33,529,0.035,-0.013,1.917,38.9,34,17.4
2002/12/22 10:45,0.33,526,0.039,-0.022,1.912,38.7,35,17.5
2002/12/22 11:00,0.32,526,0.043,-0.023,1.929,39.4,34,17.8
2002/12/22 11:15,0.32,515,0.047,-0.022,1.951,40.5,33,18
2002/12/22 11:30,0.32,508,0.042,-0.02,1.947,40.2,33,17.8
2002/12/22 11:45,0.31,532,0.043,-0.027,1.933,40,33,17.7
2002/12/22 12:00,0.3,499,0.044,-0.025,1.945,40.2,33,17.6
2002/12/22 12:15,0.3,498,0.036,-0.029,1.919,39.6,33,17.3
2002/12/22 12:30,0.29,530,0.033,-0.028,1.929,40,32,17.3
2002/12/22 12:45,0.3,530,0.036,-0.027,1.9,39.1,34,17.5
2002/12/22 13:00,0.29,497,0.034,-0.033,1.878,38.5,34,17.1
2002/12/22 13:15,0.3,533,0.038,-0.036,1.894,39,34,17.4
2002/12/22 13:30,0.3,528,0.039,-0.029,1.91,39.5,33,17.4
2002/12/22 13:45,0.31,527,0.04,-0.026,1.881,39,34,17.2
2002/12/22 14:00,0.3,492,0.042,-0.031,1.886,38.9,34,17.1
2002/12/22 14:15,0.3,501,0.045,-0.034,1.88,38.7,35,17.3
2002/12/22 14:30,0.31,511,0.043,-0.032,1.902,39.4,33,17.4
2002/12/22 14:45,0.31,511,0.043,-0.027,1.908,39.4,33,17.1
2002/12/22 15:00,0.31,511,0.045,-0.032,1.896,39.3,34,17.3
2002/12/22 15:15,0.32,530,0.047,-0.029,1.915,39.7,33,17.4
2002/12/22 15:30,0.32,523,0.049,-0.028,1.908,39.4,34,17.7
2002/12/22 15:45,0.33,512,0.052,-0.032,1.87,38.4,36,17.7
2002/12/22 16:00,0.33,505,0.055,-0.033,1.833,37.5,38,17.9
2002/12/22 16:15,0.33,504,0.058,-0.035,1.827,36.9,39,17.8
2002/12/22 16:30,0.32,518,0.064,-0.035,1.818,36.8,40,18
2002/12/22 16:45,0.33,545,0.067,-0.035,1.819,37,40,18.3
2002/12/22 17:00,0.34,531,0.062,-0.034,1.81,36.9,40,18.3
2002/12/22 17:15,0.36,531,0.064,-0.032,1.806,36.4,42,18.4
2002/12/22 17:30,0.36,540,0.076,-0.033,1.813,36.5,42,18.9
2002/12/22 17:45,0.37,546,0.086,-0.033,1.788,35.7,47,19.9
2002/12/22 18:00,0.37,589,0.075,-0.039,1.712,33.5,53,20
2002/12/22 18:15,0.37,637,0.073,-0.038,1.655,31.5,59,19.7
2002/12/22 18:30,0.35,657,0.069,-0.04,1.601,29,67,19.6
2002/12/22 18:45,0.36,665,0.071,-0.039,1.584,28,70,19.2
2002/12/22 19:00,0.36,649,0.066,-0.037,1.576,27.8,70,19
2002/12/22 19:15,0.36,657,0.073,-0.033,1.577,28,69,18.9
2002/12/22 19:30,0.4,689,0.073,-0.031,1.579,28,69,19
2002/12/22 19:45,0.39,689,0.078,-0.03,1.59,28.3,69,19.2
2002/12/22 20:00,0.39,698,0.099,-0.027,1.624,28.9,68,19.6
2002/12/22 20:15,0.4,677,0.093,-0.026,1.623,28.9,67,19.5
2002/12/22 20:30,0.39,649,0.093,-0.025,1.63,29,68,19.7
2002/12/22 20:45,0.38,619,0.095,-0.023,1.63,29,68,19.8
2002/12/22 21:00,0.36,621,0.09,-0.022,1.627,29,68,19.7
2002/12/22 21:15,0.35,631,0.084,-0.022,1.639,29.1,67,19.6
2002/12/22 21:30,0.34,604,0.073,-0.022,1.634,29.1,67,19.6
2002/12/22 21:45,0.34,591,0.066,-0.022,1.634,29.2,66,19.4
2002/12/22 22:00,0.34,594,0.065,-0.02,1.641,29.4,65,19.5
2002/12/22 22:15,0.35,603,0.064,-0.02,1.648,29.6,65,19.5
2002/12/22 22:30,0.35,609,0.067,-0.02,1.66,29.8,64,19.5
2002/12/22 22:45,0.35,610,0.069,-0.02,1.648,29.9,64,19.6
2002/12/22 23:00,0.35,612,0.067,-0.02,1.659,30,64,19.7
2002/12/22 23:15,0.36,605,0.07,-0.019,1.65,29.8,64,19.7
2002/12/22 23:30,0.35,598,0.07,-0.019,1.65,29.7,65,19.7
2002/12/22 23:45,0.34,638,0.071,-0.019,1.651,29.7,65,19.7
2/13/22 12:00 AM,0.33,601,0.067,-0.021,1.659,29.9,64,19.7
2/13/22 12:15 AM,0.33,603,0.063,-0.019,1.657,30,64,19.7
2/13/22 12:30 AM,0.33,595,0.058,-0.019,1.658,30,63,19.5
2/13/22 12:45 AM,0.33,605,0.059,-0.019,1.66,30.1,63,19.4
2/13/22 1:00 AM,0.33,607,0.059,-0.019,1.658,30.1,63,19.5
2/13/22 1:15 AM,0.33,598,0.057,-0.019,1.659,30.1,63,19.5
2/13/22 1:30 AM,0.33,609,0.062,-0.02,1.659,30.1,62,19.2
2/13/22 1:45 AM,0.34,613,0.057,-0.019,1.66,30,62,19.2
2/13/22 2:00 AM,0.34,627,0.057,-0.019,1.67,30.1,62,19.2
2/13/22 2:15 AM,0.34,619,0.062,-0.02,1.669,30.2,62,19.3
2/13/22 2:30 AM,0.34,637,0.064,-0.02,1.663,30.1,62,19.2
2/13/22 2:45 AM,0.33,613,0.063,-0.019,1.656,29.8,63,19.2
2/13/22 3:00 AM,0.33,620,0.06,-0.02,1.66,29.8,63,19.2
2/13/22 3:15 AM,0.32,633,0.055,-0.019,1.655,29.7,63,19
2/13/22 3:30 AM,0.32,607,0.056,-0.019,1.656,29.8,62,19
2/13/22 3:45 AM,0.31,611,0.054,-0.019,1.653,29.6,63,19
2/13/22 4:00 AM,0.31,613,0.051,-0.02,1.653,29.6,63,18.9
2/13/22 4:15 AM,0.3,613,0.048,-0.021,1.66,29.8,62,18.8
2/13/22 4:30 AM,0.3,625,0.046,-0.02,1.661,29.7,62,18.8
2/13/22 4:45 AM,0.31,614,0.046,-0.02,1.659,29.9,61,18.8
2/13/22 5:00 AM,0.31,622,0.047,-0.02,1.665,30.1,61,18.8
2/13/22 5:15 AM,0.3,632,0.049,-0.019,1.67,30.1,61,18.8
2/13/22 5:30 AM,0.31,612,0.048,-0.019,1.673,30.3,60,18.8
2/13/22 5:45 AM,0.31,600,0.05,-0.019,1.676,30.3,60,18.7
2/13/22 6:00 AM,0.31,611,0.049,-0.02,1.674,30.3,59,18.6
2/13/22 6:15 AM,0.32,629,0.052,-0.02,1.677,30.4,59,18.6
2/13/22 6:30 AM,0.33,621,0.052,-0.021,1.679,30.4,59,18.7
2/13/22 6:45 AM,0.33,608,0.054,-0.019,1.676,30.2,60,18.6
2/13/22 7:00 AM,0.35,618,0.059,-0.021,1.67,30,60,18.6
2/13/22 7:15 AM,0.37,609,0.057,-0.021,1.671,29.9,61,18.7
2/13/22 7:30 AM,0.33,587,0.067,-0.02,1.68,30.2,60,18.8
2/13/22 7:45 AM,0.34,576,0.077,-0.019,1.687,30.4,59,18.8
2/13/22 8:00 AM,0.35,588,0.061,-0.02,1.694,30.7,58,18.7
2/13/22 8:15 AM,0.36,627,0.064,-0.019,1.7,30.9,58,18.8
2/13/22 8:30 AM,0.37,590,0.067,-0.018,1.705,31,58,19
2/13/22 8:45 AM,0.36,567,0.07,-0.019,1.72,31.6,57,19.1
2/13/22 9:00 AM,0.34,562,0.077,-0.018,1.744,32.2,55,19.3
2/13/22 9:15 AM,0.33,550,0.073,-0.018,1.768,33.5,52,19.6
2/13/22 9:30 AM,0.32,552,0.063,-0.014,1.781,34.3,49,19.4
2/13/22 9:45 AM,0.32,535,0.059,-0.014,1.797,35.1,48,19.6
2/13/22 10:00 AM,0.32,519,0.057,-0.015,1.839,36.4,45,19.8
2/13/22 10:15 AM,0.31,533,0.055,-0.012,1.898,37.8,42,20
2/13/22 10:30 AM,0.3,499,0.057,-0.007,1.945,39.2,39,20.2
2/13/22 10:45 AM,0.29,522,0.047,-0.004,1.997,40.3,36,19.9
2/13/22 11:00 AM,0.29,502,0.038,0,2.015,40.4,35,19.3
2/13/22 11:15 AM,0.29,524,0.027,-0.006,2.022,40.6,34,19
2/13/22 11:30 AM,0.29,522,0.028,-0.01,2.008,40.3,35,18.9
2/13/22 11:45 AM,0.29,531,0.027,-0.017,2.004,40.3,34,18.6
2/13/22 12:00 PM,0.3,532,0.031,-0.018,2.04,41.5,32,18.8
2/13/22 12:15 PM,0.3,554,0.04,-0.011,2.049,42.9,31,19.3
2/13/22 12:30 PM,0.29,555,0.041,-0.008,2.057,43.2,30,19.1
2/13/22 12:45 PM,0.3,517,0.048,-0.012,2.075,44,29,19.3
2/13/22 1:00 PM,0.31,506,0.041,-0.011,2.104,43.7,29,18.8
2/13/22 1:15 PM,0.32,602,0.055,-0.012,2.047,43.5,30,19.2